scope,key,en,population,m_per_100_f,pct_of_total,area_km2,same_as,note,res_naichi,res_gaichi,res_foreign,mil_total,n40_korea,n40_taiwan,n40_karafuto,n40_nanyo,n40_cn,n40_us,n40_mk,n40_de,n40_gb,n40_su,n40_in,n40_whiterus,n40_fr,n40_gr,n40_ca,n40_it,n40_nl,n40_ch,n40_tr,n40_no,n40_pt,n40_th,n40_pl,n40_yu,n40_se,n40_es,n40_dk,n40_jewish,n40_etc,n40_small
territory,japan,Japan proper (内地),73114308,100.05,,372593,,"The census of 1 October 1940, Okinawa included — the report prints the country both ways and the map draws Okinawa, so this is its 73,114,308 rather than the 72,539,729 without it. 1,265,049 of these people were registered in the 外地, chiefly Koreans, and 1,694,428 were service personnel, who are inside the total rather than beside it.",71810022,1265049,39237,1694428,1241315,22499,986,249,19453,4755,3787,2713,1693,731,596,537,515,376,362,333,295,258,239,239,222,169,149,138,128,120,103,9,311,1006
sub-unit,Hokkaido,Hokkaidō-chō,3272718,107.51,,78290,,,3228652,43360,706,62544,,,,,,,,,,,,,,,,,,,,,,,,,,,,,,
sub-unit,Aomori,Aomori-ken,1000509,98.56,,9631,,,998133,2239,137,22143,,,,,,,,,,,,,,,,,,,,,,,,,,,,,,
sub-unit,Iwate,Iwate-ken,1095793,98.69,,15263,,,1092036,3635,122,25074,,,,,,,,,,,,,,,,,,,,,,,,,,,,,,
sub-unit,Miyagi,Miyagi-ken,1271238,100.72,,7275,,,1268714,2274,250,35482,,,,,,,,,,,,,,,,,,,,,,,,,,,,,,
sub-unit,Akita,Akita-ken,1052275,99.20,,11629,,,1049745,2402,128,24807,,,,,,,,,,,,,,,,,,,,,,,,,,,,,,
sub-unit,Yamagata,Yamagata-ken,1119338,96.05,,9321,,,1118153,1114,71,28092,,,,,,,,,,,,,,,,,,,,,,,,,,,,,,
sub-unit,Fukushima,Fukushima-ken,1625521,96.86,,13771,,,1619549,5869,103,43048,,,,,,,,,,,,,,,,,,,,,,,,,,,,,,
sub-unit,Ibaraki,Ibaraki-ken,1620000,98.02,,6097,,,1615938,3988,74,35863,,,,,,,,,,,,,,,,,,,,,,,,,,,,,,
sub-unit,Tochigi,Tochigi-ken,1206657,96.19,,6406,,,1204086,2511,60,28428,,,,,,,,,,,,,,,,,,,,,,,,,,,,,,
sub-unit,Gunma,Gunma-ken,1299027,96.43,,6361,,,1294334,4519,174,27682,,,,,,,,,,,,,,,,,,,,,,,,,,,,,,
sub-unit,Saitama,Saitama-ken,1608039,98.59,,3797,,,1602492,5435,112,35754,,,,,,,,,,,,,,,,,,,,,,,,,,,,,,
sub-unit,Chiba,Chiba-ken,1588425,95.65,,5162,,,1582013,6205,207,38785,,,,,,,,,,,,,,,,,,,,,,,,,,,,,,
sub-unit,Tokyo,Tōkyō-fu,7354971,106.65,,2189,,,7230082,116901,7988,102202,,,,,,,,,,,,,,,,,,,,,,,,,,,,,,
sub-unit,Kanagawa,Kanagawa-ken,2188974,108.27,,2420,,,2151757,31262,5955,44158,,,,,,,,,,,,,,,,,,,,,,,,,,,,,,
sub-unit,Niigata,Niigata-ken,2064402,97.11,,12575,,,2059041,5186,175,60287,,,,,,,,,,,,,,,,,,,,,,,,,,,,,,
sub-unit,Toyama,Toyama-ken,822569,95.24,,4252,,,816995,5535,39,17747,,,,,,,,,,,,,,,,,,,,,,,,,,,,,,
sub-unit,Ishikawa,Ishikawa-ken,757676,92.42,,4186,,,751992,5606,78,17347,,,,,,,,,,,,,,,,,,,,,,,,,,,,,,
sub-unit,Fukui,Fukui-ken,643904,94.05,,4190,,,631834,11981,89,12387,,,,,,,,,,,,,,,,,,,,,,,,,,,,,,
sub-unit,Yamanashi,Yamanashi-ken,663026,97.94,,4470,,,654740,8175,111,17246,,,,,,,,,,,,,,,,,,,,,,,,,,,,,,
sub-unit,Nagano,Nagano-ken,1710729,95.12,,13552,,,1700765,9754,210,39512,,,,,,,,,,,,,,,,,,,,,,,,,,,,,,
sub-unit,Gifu,Gifu-ken,1265024,100.10,,10621,,,1244555,20390,79,31633,,,,,,,,,,,,,,,,,,,,,,,,,,,,,,
sub-unit,Shizuoka,Shizuoka-ken,2017860,97.63,,7776,,,2002631,14811,418,50233,,,,,,,,,,,,,,,,,,,,,,,,,,,,,,
sub-unit,Aichi,Aichi-ken,3166592,99.91,,5171,,,3081381,84510,701,67400,,,,,,,,,,,,,,,,,,,,,,,,,,,,,,
sub-unit,Mie,Mie-ken,1198783,95.45,,5772,,,1186209,12405,169,30074,,,,,,,,,,,,,,,,,,,,,,,,,,,,,,
sub-unit,Shiga,Shiga-ken,703679,94.36,,4017,,,695032,8498,149,16110,,,,,,,,,,,,,,,,,,,,,,,,,,,,,,
sub-unit,Kyoto,Kyōto-fu,1729993,99.65,,4599,,,1655407,73949,637,35333,,,,,,,,,,,,,,,,,,,,,,,,,,,,,,
sub-unit,Osaka,Ōsaka-fu,4792966,105.50,,1912,,,4487847,302177,2942,80405,,,,,,,,,,,,,,,,,,,,,,,,,,,,,,
sub-unit,Hyogo,Hyōgo-ken,3221232,101.52,,8394,,,3100748,111297,9187,68112,,,,,,,,,,,,,,,,,,,,,,,,,,,,,,
sub-unit,Nara,Nara-ken,620509,97.09,,3693,,,610489,9708,312,15687,,,,,,,,,,,,,,,,,,,,,,,,,,,,,,
sub-unit,Wakayama,Wakayama-ken,865074,97.57,,4723,,,851486,12965,623,25999,,,,,,,,,,,,,,,,,,,,,,,,,,,,,,
sub-unit,Tottori,Tottori-ken,484390,93.43,,3507,,,481286,3020,84,13366,,,,,,,,,,,,,,,,,,,,,,,,,,,,,,
sub-unit,Shimane,Shimane-ken,740940,98.60,,6704,,,732713,8104,123,22803,,,,,,,,,,,,,,,,,,,,,,,,,,,,,,
sub-unit,Okayama,Okayama-ken,1329358,96.02,,7104,,,1316391,12621,346,30836,,,,,,,,,,,,,,,,,,,,,,,,,,,,,,
sub-unit,Hiroshima,Hiroshima-ken,1869504,100.47,,8464,,,1824635,43805,1064,67045,,,,,,,,,,,,,,,,,,,,,,,,,,,,,,
sub-unit,Yamaguchi,Yamaguchi-ken,1294242,103.50,,6100,,,1214498,79132,612,39916,,,,,,,,,,,,,,,,,,,,,,,,,,,,,,
sub-unit,Tokushima,Tokushima-ken,718717,97.29,,4143,,,717144,1501,72,17283,,,,,,,,,,,,,,,,,,,,,,,,,,,,,,
sub-unit,Kagawa,Kagawa-ken,730394,96.74,,1862,,,727786,2461,147,20346,,,,,,,,,,,,,,,,,,,,,,,,,,,,,,
sub-unit,Ehime,Ehime-ken,1178705,97.15,,5664,,,1172318,6180,207,27675,,,,,,,,,,,,,,,,,,,,,,,,,,,,,,
sub-unit,Kochi,Kōchi-ken,709286,96.82,,7105,,,705024,4084,178,16749,,,,,,,,,,,,,,,,,,,,,,,,,,,,,,
sub-unit,Fukuoka,Fukuoka-ken,3094132,103.95,,4984,,,2975292,117281,1559,75899,,,,,,,,,,,,,,,,,,,,,,,,,,,,,,
sub-unit,Saga,Saga-ken,701517,95.70,,2441,,,691931,9257,329,22233,,,,,,,,,,,,,,,,,,,,,,,,,,,,,,
sub-unit,Nagasaki,Nagasaki-ken,1370063,104.05,,4066,,,1345983,23033,1047,41803,,,,,,,,,,,,,,,,,,,,,,,,,,,,,,
sub-unit,Kumamoto,Kumamoto-ken,1368179,95.09,,7401,,,1361218,6516,445,42833,,,,,,,,,,,,,,,,,,,,,,,,,,,,,,
sub-unit,Oita,Ōita-ken,972975,94.81,,6340,,,963151,9450,374,29103,,,,,,,,,,,,,,,,,,,,,,,,,,,,,,
sub-unit,Miyazaki,Miyazaki-ken,840357,98.58,,7740,,,834434,5753,170,24707,,,,,,,,,,,,,,,,,,,,,,,,,,,,,,
sub-unit,Kagoshima,Kagoshima-ken,1589467,92.93,,9189,,,1585906,3176,385,50347,,,,,,,,,,,,,,,,,,,,,,,,,,,,,,
sub-unit,Okinawa,Okinawa-ken,574579,89.07,,2265,,,573476,1014,89,11910,,,,,,,,,,,,,,,,,,,,,,,,,,,,,,
