source_id,title,author_or_publisher,type,region_covered,years_covered,url,access,notes
jp_census,Population Census of Japan (国勢調査),Statistics Bureau of Japan,census,Japan proper (naichi); 1920–1940 also Karafuto,"1920, 1925, 1930, 1935, 1940, 1947, 1950",https://www.stat.go.jp/english/data/kokusei/index.html,free,"The spine of the whole exercise. Quinquennial from 1920, so every base year in the 1920–1950 window is covered except the 1945 extraordinary census taken in November after the surrender. City (shi) totals are published for every round. Note the boundary problem: Tokyo City was 35 wards until 1943, when it was merged into Tokyo-to, so 1940 and 1950 figures are not the same unit."
jp_estat,e-Stat portal — historical census tables,Statistics Bureau / NSTAC,census tables (machine-readable),Japan and colonies,1920–,https://www.e-stat.go.jp/en/stat-search?toukei=00200521,free,"Downloadable Excel/CSV of the historical census volumes, including the pre-war rounds. Where you want numbers rather than page images this is the place to start."
jp_chouki,Historical Statistics of Japan (日本長期統計総覧),Statistics Bureau of Japan,statistical compendium,Japan,1868–,https://www.stat.go.jp/english/data/chouki/index.html,free,"Chapter 2 is population. Gives long runs for the largest cities on consistent definitions, which is exactly what a size ranking needs."
ndl_digital,NDL Digital Collections (国立国会図書館デジタルコレクション),National Diet Library,digitised books and serials,Japanese empire,1868–1945,https://dl.ndl.go.jp/,free (some login-restricted),"Where the colonial statistical yearbooks actually live: 日本帝国統計年鑑, 朝鮮総督府統計年報, 台湾総督府統計書, 樺太庁統計書, 南洋庁統計年鑑. Full-text search now works across much of it."
jp_teikoku,Statistical Yearbook of the Japanese Empire (日本帝国統計年鑑),Cabinet Statistics Bureau,statistical yearbook,"Japan, Korea, Taiwan, Karafuto, Kwantung, Nan'yō",1882–1941,https://dl.ndl.go.jp/search/searchResult?searchWord=日本帝国統計年鑑,free,The single volume that puts naichi and all the colonies side by side. Useful precisely because the categories are the empire's own.
kr_sotokufu,Annual Statistical Report of the Government-General of Chōsen (朝鮮総督府統計年報),Chōsen Government-General,statistical yearbook,Korea,1910–1942,https://dl.ndl.go.jp/search/searchResult?searchWord=朝鮮総督府統計年報,free,"Annual population by province and by fu (city). Breaks out Japanese, Korean and other residents separately, which matters for reading the colonial port cities."
kr_census,Census of Chōsen (朝鮮国勢調査報告),Chōsen Government-General,census,Korea,"1925, 1930, 1935, 1940, 1944",https://dl.ndl.go.jp/search/searchResult?searchWord=朝鮮国勢調査報告,free,Korea was enumerated on the Japanese census cycle from 1925. The 1944 round is a wartime simplified count and should be treated as an estimate.
kr_kosis,KOSIS historical population statistics,Statistics Korea,statistical portal,Korea,1925–,https://kosis.kr/eng/,free,"Retrospective series that reproduce the colonial census figures on modern boundaries. Handy for a cross-check, though the reconstruction is not always transparent."
tw_51yr,Taiwan Statistical Abstract of the Past Fifty-One Years (臺灣省五十一年來統計提要),Taiwan Provincial Government Accounting Office,statistical compendium,Taiwan,1894–1945,https://archive.org/search?query=%E8%87%BA%E7%81%A3%E7%9C%81%E4%BA%94%E5%8D%81%E4%B8%80%E5%B9%B4%E4%BE%86%E7%B5%B1%E8%A8%88%E6%8F%90%E8%A6%81,free,"Compiled in 1946 from the Japanese colonial records. The best single source for Taiwanese city populations across the whole colonial period, on consistent definitions."
tw_sotokufu,Statistical Book of the Government-General of Taiwan (臺灣總督府統計書),Taiwan Government-General,statistical yearbook,Taiwan,1897–1942,https://dl.ndl.go.jp/search/searchResult?searchWord=台湾総督府統計書,free,"Annual, with population by street and district. Taiwan also ran full censuses in 1905 and 1915 and then on the Japanese cycle from 1920."
tw_sinica,Taiwan Studies digital resources,Academia Sinica,digitised statistics and maps,Taiwan,1895–1945,http://twstudy.iis.sinica.edu.tw/,free,Digitised colonial-period statistics and the historical GIS layers that go with them.
mk_yearbook,Manchoukuo Year Book / 滿洲國年鑑,Manchuria Daily News / Tōa Keizai Chōsakyoku,yearbook,Manchukuo,1932–1945,https://archive.org/search?query=Manchoukuo+Year+Book,free,"English-language editions exist for 1932–1943. City populations are police-registration counts, not a census, and are consistently soft."
mk_census1940,Manchukuo Provisional Population Census 1940 (臨時國勢調査),State Council of Manchukuo,census,Manchukuo,1940,https://dl.ndl.go.jp/search/searchResult?searchWord=満洲帝国臨時国勢調査,free,The one real enumeration Manchukuo carried out. Everything else for the region is registration data.
smr_reports,South Manchuria Railway reports and statistics,South Manchuria Railway Company (Mantetsu),corporate and research statistics,"Manchuria, north China",1907–1945,https://dl.ndl.go.jp/search/searchResult?searchWord=南満洲鉄道株式会社+統計,free,Mantetsu's research department produced the most detailed economic and demographic surveys of the region. Its city figures for the railway zone are better than the state's.
cn_statistical,Statistical Abstract of the Republic of China (中華民國統計提要),Directorate-General of Budget Accounting and Statistics,statistical compendium,China,"1935, 1940, 1945",https://archive.org/search?query=%E4%B8%AD%E8%8F%AF%E6%B0%91%E5%9C%8B%E7%B5%B1%E8%A8%88%E6%8F%90%E8%A6%81,free,Republican China never took a modern census. These are compiled from provincial and municipal returns of very uneven quality; treat as order-of-magnitude.
cn_yearbook,The China Year Book,H. G. W. Woodhead (ed.),yearbook,China,1912–1939,https://archive.org/search?query=%22China+Year+Book%22+Woodhead,free,"An English-language annual with municipal population tables, treaty-port figures and foreign-resident counts. Widely used at the time and easy to cite."
cn_handbook,China Handbook 1937–1945,Chinese Ministry of Information,wartime yearbook,China,1937–1945,https://archive.org/details/chinahandbook1930000chin,free,The Nationalist government's own wartime compilation. Openly propagandistic in places but the administrative and municipal tables are usable.
cn_census1953,First National Population Census of the PRC (第一次全国人口普查),State Statistical Bureau,census,China,1953,https://www.stats.gov.cn/sj/pcsj/,free,"The first real Chinese census. Three years past the window, but for many Chinese cities it is the earliest trustworthy number and a good check on the 1930s estimates."
chgis,China Historical GIS (CHGIS),Harvard University / Fudan University,historical GIS,China,221 BC–1911; extensions to 1949,https://chgis.fairbank.fas.harvard.edu/,free,"Not population, but authoritative on where administrative seats were and when they moved — which is what the provincial-capital variant depends on."
in_census,Census of India,Government of India,census,"British India, princely states, Burma to 1937, Ceylon separately","1921, 1931, 1941, 1951",https://censusindia.gov.in/nada/index.php/catalog,free,Decennial and outstandingly good. Volume I part II tables give town populations down to small towns. The 1941 round was curtailed by the war — tabulation was abandoned for much of it — so 1931 and 1951 are the solid anchors.
in_censusarchive,Census of India report volumes (digitised),Government of India / Internet Archive,census reports,India,1872–1951,https://archive.org/search?query=%22Census+of+India%22+1931,free,Scanned provincial volumes. The Imperial Tables in each provincial report are where town-level figures actually are.
lk_census,Census of Ceylon,Government of Ceylon,census,Ceylon,"1921, 1931, 1946",https://archive.org/search?query=%22Census+of+Ceylon%22,free,Ceylon was enumerated separately from India. The 1946 round is the useful late-window figure.
my_census1931,A Report on the 1931 Census of British Malaya,C. A. Vlieland,census,"Straits Settlements, Federated and Unfederated Malay States",1931,https://archive.org/search?query=Vlieland+census+British+Malaya+1931,free,"The standard pre-war Malayan enumeration, with town populations and a full communal breakdown."
my_census1947,A Report on the 1947 Census of Population (Malayan Union and Singapore),M. V. del Tufo,census,"Malaya, Singapore",1947,https://archive.org/search?query=%22del+Tufo%22+census+1947+Malaya,free,The first post-war count. Reading it against 1931 shows the war's demographic damage directly.
hk_census,Report on the Census of the Colony of Hong Kong / Hong Kong Blue Book,Government of Hong Kong,census and annual returns,Hong Kong,"1921, 1931; annual estimates to 1941; 1950s estimates",https://sunzi.lib.hku.hk/hkgro/index.jsp,free,"The Hong Kong Government Reports Online archive at HKU. There was no census between 1931 and 1961, so 1941 and post-war figures are estimates — and the wartime swing was enormous, from about 1.6 million in 1941 to about 600,000 in 1945 after the Japanese deportations."
id_volkstelling,Volkstelling 1930 (Census of the Netherlands Indies),Departement van Landbouw Nijverheid en Handel,census,Netherlands East Indies,1930,https://archive.org/search?query=Volkstelling+1930+Nederlandsch-Indie,free,"Eight volumes, and the only full enumeration of the Indies. Town populations are in the regional volumes. Nothing comparable exists again until the Indonesian census of 1961."
id_jaaroverzicht,Statistisch Jaaroverzicht van Nederlandsch-Indië,Centraal Kantoor voor de Statistiek Batavia,statistical yearbook,Netherlands East Indies,1922–1940,https://archive.org/search?query=Statistisch+Jaaroverzicht+Nederlandsch-Indie,free,"Annual, and fills the gaps either side of the 1930 census."
ph_census,Census of the Philippines,Bureau of the Census and Statistics,census,Philippines,"1918, 1939, 1948",https://psa.gov.ph/statistics/census/population-and-housing,free,Three enumerations bracketing the war. The 1939 and 1948 pair is the best before-and-after in the whole region.
th_census,Population Census of Thailand (สำมะโนประชากร),National Statistical Office of Thailand,census,Thailand,"1919, 1929, 1937, 1947",https://www.nso.go.th/nsoweb/index,free,Bangkok and Thonburi were separate provinces and are enumerated separately until 1971; add them together for a city figure.
fr_annuaire,Annuaire statistique de l'Indochine,Direction des Services Économiques Gouvernement Général de l'Indochine,statistical yearbook,French Indochina,1913–1948,https://gallica.bnf.fr/services/engine/search/sru?operation=searchRetrieve&query=gallica%20all%20%22Annuaire%20statistique%20de%20l%27Indochine%22,free,"On Gallica. Indochina took no true census; these are administrative counts, and the Chinese population of Cholon in particular is inconsistently handled from year to year."
bur_census,Census of India 1931 vol. XI (Burma) and Burma Census 1941/1953,Government of Burma,census,Burma,"1921, 1931, 1941 (partial), 1953",https://archive.org/search?query=%22Census+of+India%22+1931+Burma,free,"Burma was censused with India to 1931 and separately after separation in 1937. The 1941 returns were largely destroyed in the invasion, so 1931 and the 1953 sample census are the anchors."
uk_colonial,Colonial Office Annual Reports (Blue Books),Colonial Office London,annual colonial returns,"Hong Kong, Malaya, Borneo, Ceylon, Fiji, Solomons, Gilberts",1900–1950,https://archive.org/search?query=%22Colonial+Office%22+annual+report,free,"Population estimates for every British colony and protectorate, year by year. Uneven, but often the only figure for the small Pacific and Borneo territories."
pt_timor,Anuário Estatístico do Ultramar / Boletim Oficial de Timor,Portuguese colonial administration,colonial statistics,"Portuguese Timor, Macao, Portuguese India",1920–1950,https://www.ine.pt/,free,"Thin, but the only official source for Dili, Macao and Goa. Macao's wartime population is a special case — it roughly trebled with refugees from Hong Kong and Canton and no one counted them properly."
ussr_census,Soviet censuses of 1926 1939 and 1959,TsSU USSR,census,Soviet Far East,"1926, 1939, 1959",http://www.demoscope.ru/weekly/pril.php,free,"Demoscope Weekly hosts the city tables from all three. The 1939 census was itself a politically corrected replacement for the suppressed 1937 one, so treat totals with care; city figures are less affected than national ones."
us_census_outlying,Sixteenth Census of the United States: Territories and Possessions,US Bureau of the Census,census,"Hawaii, Guam, American Samoa",1940,https://www.census.gov/library/publications/decennial/1940/population-volume-1.html,free,Covers Honolulu and Agana. Guam was enumerated in 1940 and then occupied in December 1941.
nanyo_stats,Statistical Yearbook of the South Seas Bureau (南洋庁統計年鑑),Nan'yō-chō (South Seas Bureau),statistical yearbook,South Seas Mandate,1922–1940,https://dl.ndl.go.jp/search/searchResult?searchWord=南洋庁統計年鑑,free,"Micronesian settlement populations, with Japanese and Okinawan settlers counted separately from islanders. Essential for Saipan, where by 1937 the settlers heavily outnumbered the Chamorro and Carolinian population."
lon_mandates,Annual Reports to the League of Nations on the Administration of Mandated Territories,"Japan, Australia, New Zealand, Britain",mandate reports,"South Seas Mandate, New Guinea, Nauru, Western Samoa",1922–1938,https://biblio-archive.unog.ch/,free,The League archive in Geneva. Japan reported annually on the Nan'yō until it left the League in 1935 and then continued for some years; these reports carry district populations.
un_dyb,United Nations Demographic Yearbook,United Nations Statistics Division,statistical yearbook,worldwide,1948–,https://unstats.un.org/unsd/demographic-social/products/dyb/,free,"The first issues (1948–1952) carry city populations from the immediate post-war censuses, and often reprint the last pre-war figure alongside — a quick way to bracket the window."
statesmans,The Statesman's Year-Book,Macmillan London,annual reference,worldwide,1864–,https://archive.org/search?query=%22Statesman%27s+Year-Book%22,free,"An annual with city populations for every country and colony, drawn from official returns. Not a primary source, but for obscure places — Kengtung, Port Blair, Brunei Town, Kyzyl — it is often the only accessible one, and you can read the same city across successive years."
britannica,Encyclopaedia Britannica 14th edition and its yearbooks,Encyclopaedia Britannica Inc.,encyclopaedia,worldwide,1929–1950,https://archive.org/search?query=Encyclopaedia+Britannica+14th+edition,free,"Useful mainly as a period cross-check: it tells you what figure was current at the time, which is not always the figure historians now accept."
chandler,Four Thousand Years of Urban Growth: An Historical Census,Tertius Chandler,scholarly compilation,worldwide,to 1975,https://archive.org/details/fourthousandyear0000chan,borrowable,"The standard historical city-size compilation, with entries at 1900, 1925 and 1950. Chandler's estimates are reconstructions and have been criticised for method, especially in Asia, but they give a consistent cross-regional ranking, which is what a four-tier scheme actually needs."
reba_dataset,"Spatializing 6,000 years of global urbanization (dataset)","Meredith Reba, Femke Reitsma, Karen Seto",machine-readable dataset,worldwide,3700 BC–AD 2000,https://doi.org/10.1038/sdata.2016.34,free (CC-BY),"Chandler and Modelski geocoded and published as CSV in Scientific Data. The easiest way to get a machine-readable historical city-size series, with the same caveats as Chandler."
mitchell,International Historical Statistics: Africa Asia and Oceania 1750–2005,B. R. Mitchell,scholarly compilation,Asia and Oceania,1750–2005,https://search.worldcat.org/search?q=International+Historical+Statistics+Africa+Asia+Oceania+Mitchell,paywalled,"Table A4 in each regional section gives populations of the principal towns, drawn from official censuses and footnoted to them. The fastest way to assemble a consistent cross-country table if you have library access."
populstat,Populstat historical population statistics,Jan Lahmeyer,web compilation,worldwide,to 2000,https://web.archive.org/web/2018/http://www.populstat.info/,free (archived),"City-level historical series by country, each with its source noted. The site is defunct but fully archived. Unrefereed, so treat it as a finding aid pointing back to the censuses rather than as an authority."
citypopulation,City Population,Thomas Brinkhoff,web compilation,worldwide,varies,https://www.citypopulation.de/,free,"Carries census series back to the 1920s–1940s for Japan, Korea, Taiwan, India, Indonesia and the Philippines, each row tied to its census date. The most convenient modern check on a colonial-era figure."
wikidata,Wikidata population statements (P1082 with point-in-time P585),Wikimedia Foundation,linked open data,worldwide,varies,https://query.wikidata.org/,free (CC0),"Queryable by SPARQL and the source of the machine-harvested columns in cities.csv. Coverage for 1920–1950 in this region is patchy and strongly biased towards Japan and India, where census series have been imported wholesale; for China, Southeast Asia and the Pacific it is close to empty. Every statement should be traced back to its stated reference before being trusted."
ghdx_wardhouses,Japan Statistical Yearbook (日本統計年鑑) city population series,Statistics Bureau of Japan,statistical yearbook,Japan,1949–,https://www.stat.go.jp/english/data/nenkan/index.html,free,"Post-war annual. The 1949–1952 issues carry the 1947 extraordinary census and the 1950 census by city, including the scale of the wartime urban evacuation."
hathitrust,HathiTrust Digital Library,HathiTrust,digitised books,worldwide,varies,https://www.hathitrust.org/,free (some search-only),Where many of the colonial yearbooks above are findable in full text when the Internet Archive copy is missing. Search-only access for in-copyright volumes still lets you confirm a page and a figure.
tw_stats1930_t37,"昭和五年 臺灣總督府統計書 — 第35表 戶口靜態總表, 第37表 地方別現住人口",臺灣總督府,statistical yearbook,Taiwan (Formosa),1930,https://dl.ndl.go.jp/pid/1445212,free,"Published 1932; the figures are those of the household registers at the end of 1930. Table 35 gives the colony and the eight jurisdictions with the Indigenous Peoples 「蕃人」 in a column apart; table 37 gives the seven 市 and forty-five 郡, which exclude them. pp. 28–37."
jp_census1930_p16,昭和五年国勢調査最終報告書 — 市ノ人口 p16,内閣統計局,census,Japan proper (naichi),1930,https://dl.ndl.go.jp/pid/1281995/1/30,free,"The twenty-eight 市 of 100,000 and over at the census of 1 October 1930."
tw_stats1941_t16,臺灣總督府第四十五統計書 (昭和16年) — 第16表 市街庄別常住戸口,臺灣總督府,statistical yearbook,Taiwan (Formosa),1941,,free,"The resident (常住) population at the end of 1941, from the household and alien registers: 11 市, 51 郡 and 2 支廳, pp. 20–33. Every row balances on its five registers and on male plus female, and the 64 sum exactly to the eight prefecture totals and to 6,249,468."
