id,hangul,hanja,mr,romaji,line,lon,lat,e1930,e1942,prov,note
bc_001,신북청,新北青,Sinbukch'ŏng,Shinhokushō,북청선 / 함경선,128.37310,40.17730,1,1,Kankyōnan-dō,
bc_002,양가,楊家,Yangga,Yōka,북청선,128.35350,40.19390,1,1,Kankyōnan-dō,
bc_003,북청,北青,Pukch'ŏng,Hokusei,북청선,128.32110,40.22530,1,1,Kankyōnan-dō,
bm_001,백암,白岩,Paegam,Hakugan,백무선 / 혜산선,128.80410,41.23930,,1,Kankyōhoku-dō,
bm_002,대택,大澤,Taet'aek,Daitaku,백무선,128.84710,41.26090,,1,Kankyōhoku-dō,
bm_003,북계수,北溪水,Pukkyesu,Hokukeisui,백무선,128.89040,41.26530,,1,Kankyōhoku-dō,
bm_004,도내,島內,Tonae,Tōnai,백무선,128.89530,41.32940,,1,Kankyōhoku-dō,
bm_005,산양대,山羊台,Sanyangdae,San'yōdai,백무선,128.86680,41.39400,,1,Kankyōhoku-dō,
bm_006,서두,西頭,Sŏdu,Seitō,백무선,128.84210,41.44130,,1,Kankyōhoku-dō,
bm_007,연암,延岩,Yŏnam,Engan,백무선,128.81200,41.60410,,1,Kankyōhoku-dō,
bm_008,삼사,三社,Samsa,Sansha,백무선,128.78070,41.65930,,1,Kankyōhoku-dō,
bm_009,하황토,下黃土,Hahwangt'o,Shimokōdo,백무선,128.81270,41.74810,,1,Kankyōhoku-dō,
bm_010,유평동,楡坪洞,Yup'yŏngdong,Yuhyōgō,백무선,128.88860,41.80310,,1,Kankyōhoku-dō,
bm_011,신양,新陽,Sinyang,Shinyō,백무선,129.04900,41.95310,,1,Kankyōhoku-dō,
bm_012,연사,延社,Yŏnsa,Ensha,백무선,129.09360,42.00560,,1,Kankyōhoku-dō,
bs_001,청진,淸津,Ch'ŏngjin,Seishin,북선,129.74400,41.76690,1,1,Kankyōhoku-dō,
bs_002,수성,輸城,Susŏng,Sujō,북선 / 함경선,129.73730,41.82370,1,1,Kankyōhoku-dō,
bs_003,석막,石幕,Sŏngmak,Sekimaku,북선,129.73050,41.87440,1,1,Kankyōhoku-dō,
bs_004,장흥,章興,Changhŭng,Shōkō,북선,129.71200,41.93810,1,1,Kankyōhoku-dō,
bs_005,부령,富寧,Puryŏng,Funei,북선,129.71560,42.05280,1,1,Kankyōhoku-dō,
bs_006,고무산,古茂山,Komusan,Komosan,북선 / 북선철식철도 / 함북선,129.69470,42.11730,1,1,Kankyōhoku-dō,
bs_007,창평,蒼坪,Ch'angp'yŏng,Sōhei,북선,129.66660,42.20200,1,1,Kankyōhoku-dō,
bs_008,전거리,全巨里,Chŏn'gŏri,Zengori,북선,129.72020,42.19920,1,1,Kankyōhoku-dō,
bs_009,풍산,豊山,P'ungsan,Hōzan,북선,129.76230,42.25330,1,1,Kankyōhoku-dō,
bs_010,중도,中島,Chungdo,Chūdō,북선,129.80240,42.34250,1,1,Kankyōhoku-dō,
bs_011,회령,會寧,Hoeryŏng,Kainei,북선 / 회령탄광선,129.74110,42.45130,1,1,,
bs_012,금생,金生,Kŭmsaeng,Kinsei,북선,129.74400,42.47580,1,1,Kankyōhoku-dō,
bs_013,고령진,高嶺鎮,Koryŏngjin,Kōreichin,북선,129.74820,42.52750,1,1,Kankyōhoku-dō,
bs_014,학포,鶴浦,Hakp'o,Kakuho,북선,129.75760,42.59550,1,1,,
bs_015,신전,新田,Sinjŏn,Shinden,북선,129.75600,42.64090,1,1,,
bs_016,간평,間坪,Kanp'yŏng,Kanpei,북선,129.78670,42.64830,1,1,,
bs_017,상삼봉,上三峰,Sangsambong,Jōsanpō,북선,129.79870,42.68260,1,1,Kankyōhoku-dō,
bs_018,종성,鍾城,Chongsŏng,Shōjō,북선,129.78650,42.75730,1,1,,
bs_019,○암,小岩,Soam,Shōgan,북선,129.80930,42.79570,1,1,,
bs_020,동관,東關,Tonggwan,Tōken,북선,129.82450,42.82150,1,1,,
bs_021,수구포,水口浦,Sugup'o,Suigōho,북선,129.84420,42.87790,,1,,
bs_022,강양,江陽,Kangyang,Kōyō,북선,129.85460,42.91630,,1,,
bs_023,남양,南陽,Namyang,Nan'yō,북선,129.85650,42.94370,,1,,
bs_024,풍이,豊利,P'ungi,Hōri,북선,129.89170,42.96160,,1,,
bs_025,세선,世仙,Sesŏn,Seizen,북선,129.93920,42.97430,,1,,
bs_026,온성,穏城,Onsŏng,Onjō,북선,129.98870,42.95230,,1,,
bs_027,풍인,豊仁,P'ungin,Hōjin,북선,130.03820,42.93350,,1,,
bs_028,황파,黄坡,Hwangp'a,Kōha,북선,130.11350,42.90820,,1,Kankyōhoku-dō,
bs_029,훈융,訓戎,Hunyung,Kunjū,북선,130.22290,42.89470,1,1,,
bs_030,경원,慶源,Kyŏngwŏn,Keigen,북선,130.19420,42.85060,1,1,Kankyōhoku-dō,
bs_031,농포,農圃,Nongp'o,Nōho,북선,130.20910,42.75440,1,1,Kankyōhoku-dō,
bs_032,승량,承良,Sŭngnyang,Shōryō,북선,130.22960,42.71790,1,1,Kankyōhoku-dō,
bs_033,신건,新乾,Sin'gŏn,Shinkan,북선,130.28940,42.67250,1,1,,
bs_034,신아산,新阿山,Sinasan,Shin'azan,북선,130.35970,42.61800,1,1,,
bs_035,아오지,阿吾地,Aoji,Aguji,북선,130.39520,42.52710,1,1,Kankyōhoku-dō,
bs_036,청학,青鶴,Ch'ŏnghak,Seikaku,북선,130.45020,42.46990,1,1,Kankyōhoku-dō,
bs_037,사회,四会,Sahoe,Seikai,북선,130.50920,42.45790,1,1,Kankyōhoku-dō,
bs_038,홍의,洪儀,Hongŭi,Kōgi,북선,130.53420,42.42670,1,1,Kankyōhoku-dō,
bs_039,구룡평,九龍坪,Kuryongp'yŏng,Kyūryōhei,북선,130.52890,42.36690,1,1,Kankyōhoku-dō,
bs_040,웅상,雄尚,Ungsang,Yūshō,북선,130.45970,42.35210,1,1,Kankyōhoku-dō,
bs_041,웅기,雄基,Unggi,Yūki,북선,130.37780,42.35740,1,1,Kankyōhoku-dō,
bs_042,관곡,寛谷,Kwan'gok,Kankoku,북선,130.34020,42.32160,,1,Kankyōhoku-dō,
bs_043,나진,羅津,Najin,Rashin,북선,130.28980,42.24690,,1,Kankyōhoku-dō,
bsc_002,서상,西上,Sŏsang,Seijō,북선철식철도,129.69890,42.15270,1,1,Kankyōhoku-dō,
bsc_003,무수,舞袖,Musu,Bushū,북선철식철도,129.65450,42.15110,1,1,Kankyōhoku-dō,
bsc_004,폐무산,廃茂山,P'yemusan,Haimozan,북선철식철도 / 함북선,129.61270,42.17730,1,1,Kankyōhoku-dō,
bsc_005,금패,金佩,Kŭmp'ae,Kinpai,북선철식철도 / 함북선,129.47580,42.13610,1,1,Kankyōhoku-dō,
bsc_006,주초,朱草,Chuch'o,Shusō,북선철식철도,129.32450,42.19150,1,1,Kankyōhoku-dō,
bsc_007,진화,珍貨,Chinhwa,Chinka,북선철식철도 / 함북선,129.32080,42.20800,1,1,Kankyōhoku-dō,
bsc_008,무산철산,茂山鉄山,Musanch'ŏlsan,Mōzan-Tetsuzan,북선철식철도,129.26100,42.22290,1,1,Kankyōhoku-dō,
bsc_009,무산,茂山,Musan,Mōzan,북선철식철도 / 함북선,129.23210,42.22410,1,1,Kankyōhoku-dō,
cc_001,이원철산,利原鐵山,Iwŏnch'ŏlsan,Rigentetsuzan,철산차호선,128.58130,40.21450,1,1,Kankyōnan-dō,
cc_002,나흥,羅興,Nahŭng,Nakō,철산차호선 / 함경선,128.59040,40.19230,1,1,Kankyōnan-dō,
cc_003,증산,曾山,Chŭngsan,Sōzan,철산차호선 / 함경선,128.60280,40.21520,1,1,Kankyōnan-dō,
cc_004,차호,遮湖,Ch'aho,Shako,철산차호선,128.64830,40.20090,1,1,Kankyōnan-dō,
db_001,원산,元山,Wŏnsan,Genzan,동해북부선 / 경원선,127.44270,39.14630,1,1,,
db_002,갈마,葛麻,Kalma,Katsuba,동해북부선 / 경원선,127.47670,39.13550,1,1,Kankyōnan-dō,
db_003,배화,培花,Paehwa,Haika,동해북부선 / 경원선,127.49000,39.07900,1,1,Kankyōnan-dō,
db_004,안변,安辺,Anbyŏn,Anpen,동해북부선 / 경원선,127.49870,39.04730,1,1,Kankyōnan-dō,
db_005,상음,桑陰,Sangŭm,Sōin,동해북부선,127.60920,39.13400,1,1,,
db_006,흡곡,歙谷,Hŭpkok,Kyūkoku,동해북부선,127.73830,39.06770,1,1,,
db_007,패천,沛川,P'aech'ŏn,Haisen,동해북부선,127.78900,39.02580,,1,,
db_008,고저,庫底,Kojŏ,Kotei,동해북부선,127.89260,38.93870,,1,,
db_009,통천,通川,T'ongch'ŏn,Tsūsen,동해북부선,127.90870,38.89680,,1,Kōgen-dō,
db_010,두백,荳白,Tubaek,Tōhaku,동해북부선,128.06130,38.84600,,1,,
db_011,장전,長箭,Changjŏn,Chōsen,동해북부선,128.18110,38.73540,,1,,
db_012,외금강,外金剛,Oegŭmgang,Gaikongō,동해북부선,128.22110,38.69010,,1,,
db_013,고성,高城,Kosŏng,Kōjō,동해북부선,128.32490,38.67110,,1,,
db_014,저진,猪津,Chŏjin,Choshin,동해북부선,128.39490,38.56470,,1,,
db_015,거진,巨津,Kŏjin,Kyoshin,동해북부선,128.45130,38.44080,,1,,
db_016,간성,杆城,Kansŏng,Kanjō,동해북부선,128.47390,38.37900,,1,,
db_017,문암,文岩,Munam,Bungan,동해북부선,128.53600,38.30400,,1,,
db_018,속초,束草,Sokch'o,Sokusō,동해북부선,128.59100,38.20820,,1,,
db_019,낙산사,洛山寺,Naksansa,Rakuzanji,동해북부선,128.60910,38.14670,,1,,
db_020,양양,襄陽,Yangyang,Jōyō,동해북부선,128.62810,38.08710,,1,Kōgen-dō,
dhj_001,대구,大邱,Taegu,Taikyū,동해중부선 / 경부선,128.59470,35.87610,1,1,Keishōhoku-dō,
dhj_002,동촌,東村,Tongch'on,Tōson,동해중부선,128.65350,35.88890,1,1,Keishōhoku-dō,
dhj_003,반야월,半夜月,Panyawŏl,Han'yagetsu,동해중부선,128.71490,35.87290,1,1,Keishōhoku-dō,
dhj_004,청천,淸泉,Ch'ŏngch'ŏn,Seisen,동해중부선,128.76770,35.88010,1,1,Keishōhoku-dō,
dhj_005,하양,河陽,Hayang,Kayō,동해중부선,128.81940,35.90990,1,1,Keishōhoku-dō,
dhj_006,금호,琴湖,Kŭmho,Kinko,동해중부선,128.86850,35.93180,1,1,Keishōhoku-dō,
dhj_014,금장,金丈,Kŭmjang,Kinjō,동해중부선,129.21190,35.88110,1,1,Keishōhoku-dō,
dhj_015,사방,士方,Sabang,Shihō,동해중부선,129.23330,35.93870,1,1,Keishōhoku-dō,
dhj_016,안강,安康,An'gang,Ankō,동해중부선,129.23050,35.98810,1,1,Keishōhoku-dō,
dhj_017,부조,扶助,Pujo,Fujo,동해중부선,129.27490,35.99150,1,1,Keishōhoku-dō,
dhj_018,효자,孝子,Hyoja,Kōshi,동해중부선,129.33540,36.00890,1,1,Keishōhoku-dō,
dhj_019,포항,浦項,P'ohang,Hokō,동해중부선,129.36020,36.03680,1,1,Keishōhoku-dō,
dhj_020,학산,鶴山,Haksan,Kakuzan,동해중부선,129.37540,36.05220,1,1,Keishōhoku-dō,
dhn_001,부산,釜山,Pusan,Fuzan,동해남부선 / 경부선,129.04000,35.11400,1,1,Keishōnan-dō,
dhn_002,초량,草梁,Ch'oryang,Sōryō,동해남부선 / 경부선,129.04330,35.12110,1,1,Keishōnan-dō,
dhn_003,부산진,釜山鎮,Pusanjin,Fuzanchin,동해남부선 / 경부선,129.04860,35.12740,1,1,Keishōnan-dō,
dhn_004,서면,西面,Sŏmyŏn,Saimen,동해남부선,129.07490,35.18990,,1,Keishōnan-dō,
dhn_005,동래,東萊,Tongnae,Tōrai,동해남부선,129.09100,35.19730,,1,Keishōnan-dō,
dhn_006,수영,水営,Suyŏng,Suiei,동해남부선,129.13380,35.17260,,1,Keishōnan-dō,
dhn_007,해운대,海雲台,Haeundae,Kaiundai,동해남부선,129.15910,35.16420,,1,Keishōnan-dō,
dhn_008,송정,松亭,Songjŏng,Shōtei,동해남부선,129.20210,35.18320,,1,Keishōnan-dō,
dhn_009,기장,機張,Kijang,Kichō,동해남부선,129.21900,35.24380,,1,Keishōnan-dō,
dhn_010,삼성,三聖,Samsŏng,Sansei,동해남부선,129.23260,35.26580,,1,Keishōnan-dō,
dhn_011,좌천,佐川,Chwach'ŏn,Sasen,동해남부선,129.24310,35.31110,,1,Keishōnan-dō,
dhn_012,월내,月内,Wŏllae,Getsunai,동해남부선,129.27470,35.32660,,1,Keishōnan-dō,
dhn_013,남창,南倉,Namch'ang,Nansō,동해남부선,129.28500,35.41480,,1,Keishōnan-dō,
dhn_014,덕하,徳下,Tŏkha,Tokuka,동해남부선,129.30500,35.49200,,1,Keishōnan-dō,
dhn_015,울산,蔚山,Ulsan,Urusan,동해남부선,129.32960,35.55560,1,1,Keishōhoku-dō,
dhn_016,병영,兵營,Pyŏngyŏng,Heiei,동해남부선,129.34320,35.56540,1,1,Keishōhoku-dō,
dhn_017,호계,虎溪,Hogye,Kokei,동해남부선,129.35610,35.61950,1,1,Keishōhoku-dō,
dhn_018,모화,毛火,Mohwa,Mōka,동해남부선,129.33810,35.67480,1,1,Keishōhoku-dō,
dhn_019,입실,入室,Ipsil,Nyūshitsu,동해남부선,129.32250,35.71550,1,1,Keishōhoku-dō,
dhn_020,불국사,佛國寺,Pulguksa,Bukkokuji,동해남부선,129.30120,35.77300,1,1,Keishōhoku-dō,
dhn_021,동방,東方,Tongbang,Tōhō,동해남부선,129.26730,35.79950,1,1,Keishōhoku-dō,
dhn_022,경주,慶州,Kyŏngju,Keishū,동해남부선 / 경경남부선,129.21860,35.84580,1,1,Keishōhoku-dō,
dp_001,단천,端川,Tanch'ŏn,Tansen,단풍선 / 함경선,128.88820,40.45320,1,1,Kankyōnan-dō,
dp_002,동대,東坮,Tongdae,Tōdai,단풍선,128.85160,40.48980,,1,Kankyōnan-dō,
dp_003,상농,上農,Sangnong,Jōnō,단풍선,128.73610,40.59790,,1,Kankyōnan-dō,
dp_004,농촌,農村,Nongch'on,Nōson,단풍선,128.69050,40.68140,,1,Kankyōnan-dō,
dp_005,고성,古城,Kosŏng,Kojō,단풍선,128.62370,40.67530,,1,Kankyōnan-dō,
dp_006,수의,守義,Suŭi,Shugi,단풍선,128.55110,40.69370,,1,Kankyōnan-dō,
dp_007,포치리,浦淄里,P'och'iri,Hoshiri,단풍선,128.50460,40.74050,,1,Kankyōnan-dō,
dp_008,하홍군,下洪君,Hahonggun,Shimokōkun,단풍선,128.47840,40.76850,,1,Kankyōnan-dō,
dp_009,홍군,洪君,Honggun,Kōkun,단풍선,128.45420,40.77760,,1,Kankyōnan-dō,
dsd_001,양시,楊市,Yangsi,Yōshi,다사도선,124.47100,39.95880,,1,Heianhoku-dō,
dsd_002,북중,北中,Pukchung,Hokuchū,다사도선,124.42130,39.94720,,1,Heianhoku-dō,
dsd_003,용암포,龍岩浦,Yongamp'o,Ryūganho,다사도선,124.38400,39.93010,,1,Heianhoku-dō,
dsd_004,경봉,緑峰,Kyŏngbong,Ryokuhō,다사도선,124.40120,39.89760,,1,Heianhoku-dō,
dsd_005,불인,不二,Purin,Funi,다사도선,124.41840,39.86310,,1,Heianhoku-dō,
dsd_006,다사도,多獅島,Tasado,Tashitō,다사도선,124.42860,39.84220,,1,Heianhoku-dō,
dsd_007,서다사도,西多獅島,Sŏdasado,Seitashitō,다사도선,124.41870,39.82510,,1,Heianhoku-dō,
gc_001,신안주,新安州,Sinanju,Shin'anshū,개천선 / 경의선,125.60340,39.60170,1,1,Heianhoku-dō,
gc_002,안주,安州,Anju,Anshū,개천선,125.67930,39.63180,1,1,Heianhoku-dō,
gc_003,북송리,北松里,Puksongni,Hokushō-ri,개천선,125.75520,39.65580,1,1,Heianhoku-dō,
gc_004,용흥리,雲興里,Yonghŭngni,Unkōri,개천선,125.82880,39.68020,1,1,Heiannan-dō,
gc_005,운흥리,雲興里,Unhŭngni,Unkō-ri,개천선,125.85780,39.68680,1,1,Heiannan-dō,
gc_006,개천,价川,Kaech'ŏn,Kaisen,개천선,125.89290,39.70090,1,1,Heiannan-dō,
gg_001,천안,天安,Ch'ŏnan,Ten'an,경기선 / 경부선 / 장항선,127.14690,36.80910,1,1,Chūseinan-dō,
gg_002,석교,石橋,Sŏkkyo,Sekikyō,경기선,127.18560,36.85620,1,1,Keiki-dō,
gg_003,입장,笠場,Ipchang,Ryūjō,경기선,127.21050,36.91210,1,1,Keiki-dō,
gg_004,고지,古池,Koji,Kochi,경기선,127.21370,36.95930,1,1,Keiki-dō,
gg_005,미양,薇陽,Miyang,Miyō,경기선,127.21760,36.97960,1,1,Keiki-dō,
gg_006,안성,安城,Ansŏng,Ansei,경기선,127.26420,37.00830,1,1,Keiki-dō,
gg_007,안성읍내,安城邑內,Ansŏngŭmnae,Anseiōnai,경기선,127.27420,37.00280,1,1,Keiki-dō,
gg_008,마전,麻田,Majŏn,Maden,경기선,127.33650,37.03310,1,1,Keiki-dō,
gg_009,삼죽,三竹,Samjuk,Sanchiku,경기선,127.36740,37.06430,1,1,Keiki-dō,
gg_010,용월,龍月,Yongwŏl,Ryōgetsu,경기선,127.39080,37.08150,1,1,Keiki-dō,
gg_011,죽산,竹山,Chuksan,Chikuzan,경기선,127.41200,37.07400,1,1,Keiki-dō,
gg_012,죽산읍내,竹山邑内,Chuksanŭmnae,Chikuzanōnai,경기선,127.42410,37.07530,1,1,Keiki-dō,
gg_013,매산,梅山,Maesan,Maisan,경기선,127.44110,37.09760,1,1,Keiki-dō,
gg_014,주천,注川,Chuch'ŏn,Shusen,경기선,127.48890,37.10440,1,1,Keiki-dō,
gg_015,장호원,長湖院,Changhowŏn,Chōkoen,경기선,127.63160,37.11710,1,1,Kōgen-dō,
gs_001,이리,裡里,Iri,Riri,군산선 / 호남선 / 전라선,126.94550,35.94030,1,1,Zenrahoku-dō,
gs_002,오산,五山里,Osan,Gosanri,군산선,126.91300,35.94110,1,1,Zenrahoku-dō,
gs_003,임피,臨陂,Imp'i,Rinpi,군산선,126.86580,35.95340,1,1,Zenrahoku-dō,
gs_004,지경,地境,Chigyŏng,Jikyō,군산선,126.81110,35.94300,1,1,Zenrahoku-dō,
gs_005,개정,開井,Kaejŏng,Kaishō,군산선,126.77180,35.96060,1,1,,
gs_006,군산,群山,Kunsan,Gunsan,군산선,126.72140,35.98040,1,1,Chūseinan-dō,
gs_007,군산항,群山港,Kunsanhang,Gunsankō,군산선,126.71260,35.99050,1,1,Chūseinan-dō,
gyp_001,황해황주,黃海黃州,Hwanghaehwangju,Hōkai-Kōshū,겸이포선 / 경의선,125.76050,38.69570,1,1,Kōkai-dō,
gyp_002,장천리,長川里,Changch'ŏlli,Chōsenri,겸이포선,125.68840,38.71380,1,1,Kōkai-dō,
gyp_003,겸이포,兼二浦,Kyŏmip'o,Kenjiho,겸이포선,125.62680,38.73810,1,1,Kōkai-dō,
hh_001,해주,海州,Haeju,Kaishū,황해청년선 / 옹진선 / 토해선,125.70230,38.02540,1,1,Kōkai-dō,
hh_002,동해주,東海州,Tonghaeju,Higashi-Kaishū,황해청년선 / 옹진선 / 토해선,125.72590,38.02770,1,1,Kōkai-dō,
hh_003,학현,鶴峴,Hakhyŏn,Kakken,황해청년선,125.78240,38.01010,1,1,Kōkai-dō,
hk_001,함흥,咸興,Hamhŭng,Kankō,함경선 / 장진선 / 경원선 / 송흥선,127.54600,39.91160,1,1,Kankyōnan-dō,
hk_002,본궁,本宮,Pon'gung,Hongū,함경선,127.61850,39.86770,1,1,Kankyōnan-dō,
hk_003,흥남,興南,Hŭngnam,Kōnan,함경선,127.65000,39.82750,1,1,Kankyōnan-dō,
hk_004,서호진,西湖津,Sŏhojin,Seikoshin,함경선,127.66550,39.82330,1,1,Kankyōnan-dō,
hk_005,여호,呂湖,Yŏho,Ryoko,함경선,127.72960,39.86050,1,1,Kankyōnan-dō,
hk_006,퇴조,退潮,T'oejo,Taichō,함경선,127.77230,39.90680,1,1,Kankyōnan-dō,
hk_007,삼호,三湖,Samho,Sanko,함경선,127.86190,39.95320,1,1,Kankyōnan-dō,
hk_008,용운,龍雲,Yongun,Ryōun,함경선,127.92330,39.99430,1,1,Kankyōnan-dō,
hk_009,전진,前津,Chŏnjin,Zenshin,함경선,127.97940,40.04180,1,1,Kankyōnan-dō,
hk_010,경포,景浦,Kyŏngp'o,Keiho,함경선,127.99230,40.06270,1,1,Kankyōnan-dō,
hk_011,운포,雲浦,Unp'o,Unho,함경선,128.07410,40.05100,1,1,Kankyōnan-dō,
hk_012,영무,靈武,Yŏngmu,Reibu,함경선,128.13730,40.04060,1,1,Kankyōnan-dō,
hk_013,신포,新浦,Sinp'o,Shinho,함경선,128.19140,40.03360,1,1,Kankyōnan-dō,
hk_014,양화,陽化,Yanghwa,Yōka,함경선,128.24430,40.07830,1,1,Kankyōnan-dō,
hk_015,강상리,江上里,Kangsangni,Kōjōri,함경선,128.33900,40.08200,1,1,Kankyōnan-dō,
hk_016,속후,俗厚,Sokhu,Zokugu,함경선,128.36920,40.10820,1,1,Kankyōnan-dō,
hk_018,신창,新昌,Sinch'ang,Shinshō,함경선,128.44220,40.17400,1,1,Kankyōnan-dō,
hk_019,거산,居山,Kŏsan,Kyozan,함경선,128.50050,40.18850,1,1,Kankyōnan-dō,
hk_020,건자,乾自,Kŏnja,Kanji,함경선,128.55110,40.16920,1,1,Kankyōnan-dō,
hk_023,염분,鹽盆,Yŏmbun,Enbon,함경선,128.60990,40.26510,1,1,Kankyōnan-dō,
hk_024,이원,利原,Iwŏn,Rigen,함경선,128.64700,40.32290,1,1,Kankyōnan-dō,
hk_025,군선,群仙,Kunsŏn,Gunsen,함경선,128.68830,40.33310,1,1,Kankyōnan-dō,
hk_026,쌍암,雙巖,Ssangam,Sōgan,함경선,128.70960,40.33890,1,1,Kankyōnan-dō,
hk_027,곡구,谷口,Kokku,Kokkō,함경선,128.76140,40.35560,1,1,Kankyōnan-dō,
hk_028,기암,奇巖,Kiam,Kigan,함경선,128.83760,40.37300,1,1,Kankyōnan-dō,
hk_029,용강,龍崗,Yonggang,Ryōkō,함경선,128.85460,40.39140,1,1,Kankyōnan-dō,
hk_030,오몽리,五夢里,Omongni,Gomuri,함경선,128.87520,40.43450,1,1,Kankyōnan-dō,
hk_032,여해진,汝海津,Yŏhaejin,Nyokaishin,함경선,128.99080,40.47520,1,1,Kankyōnan-dō,
hk_033,용대,龍臺,Yongdae,Ryūtai,함경선,129.06100,40.49050,1,1,Kankyōhoku-dō,
hk_034,일신,日新,Ilsin,Nisshin,함경선,129.10940,40.52160,1,1,Kankyōhoku-dō,
hk_035,만춘,晩春,Manch'un,Banshun,함경선,129.14710,40.56120,1,1,Kankyōhoku-dō,
hk_036,쌍룡,雙龍,Ssangnyong,Sōryō,함경선,129.16590,40.60610,1,1,Kankyōhoku-dō,
hk_037,성진,城津,Sŏngjin,Seishin,함경선,129.19400,40.66600,1,1,Kankyōhoku-dō,
hk_038,농성,農城,Nongsŏng,Nōsei,함경선,129.21650,40.74810,1,1,Kankyōhoku-dō,
hk_039,업억,業億,Ŏbŏk,Gōoku,함경선,129.18480,40.83370,1,1,Kankyōhoku-dō,
hk_040,원평,院坪,Wŏnp'yŏng,Enhei,함경선,129.20990,40.87280,1,1,Kankyōhoku-dō,
hk_041,노동,蘆洞,Nodong,Rodō,함경선,129.29030,40.92000,1,1,Kankyōhoku-dō,
hk_042,길주,吉州,Kilju,Kisshū,함경선 / 혜산선,129.32220,40.96160,1,1,Kankyōhoku-dō,
hk_043,금송,金松,Kŭmsong,Kinshō,함경선,129.34500,41.02180,1,1,Kankyōhoku-dō,
hk_044,고참,古站,Koch'am,Kotan,함경선,129.37370,41.12530,1,1,Kankyōhoku-dō,
hk_045,내포,內浦,Naep'o,Naiho,함경선,129.37920,41.16560,1,1,Kankyōhoku-dō,
hk_046,명천,明川,Myŏngch'ŏn,Meisen,함경선,129.40550,41.18410,1,1,Kankyōhoku-dō,
hk_047,상용전,上龍田,Sangyongjŏn,Kamiryūden,함경선,129.41700,41.21420,1,1,Kankyōhoku-dō,
hk_048,용동,龍洞,Yongdong,Ryōdō,함경선,129.44320,41.23020,1,1,Kankyōhoku-dō,
hk_049,영안,永安,Yŏngan,Eian,함경선,129.49280,41.25250,1,1,Kankyōhoku-dō,
hk_050,극동,極洞,Kŭktong,Gokudō,함경선,129.53740,41.26410,1,1,Kankyōhoku-dō,
hk_051,조막산,造幕山,Chomaksan,Zōmakusen,함경선,129.60070,41.25630,1,1,Kankyōhoku-dō,
hk_052,봉강,鳳岡,Ponggang,Bukō,함경선,129.65740,41.34090,1,1,Kankyōhoku-dō,
hk_053,어대진,漁大津,Ŏdaejin,Gyodaishin,함경선,129.71730,41.40170,1,1,,
hk_054,회문,會文,Hoemun,Kaibun,함경선,129.65990,41.44600,1,1,Kankyōhoku-dō,
hk_055,용현,龍峴,Yonghyŏn,Ryūken,함경선,129.63500,41.54580,1,1,Kankyōhoku-dō,
hk_056,주을,朱乙,Chuŭl,Shuitsu,함경선,129.60770,41.58670,1,1,Kankyōhoku-dō,
hk_057,생기령,生氣嶺,Saenggiryŏng,Seikiryō,함경선,129.60980,41.61320,1,1,Kankyōhoku-dō,
hk_058,경성,鏡城,Kyŏngsŏng,Kyōjō,함경선,129.62960,41.66700,1,1,Kankyōhoku-dō,
hk_059,나남,羅南,Nanam,Ranan,함경선,129.69730,41.71830,1,1,Kankyōhoku-dō,
hk_060,강덕,康徳,Kangdŏk,Kōtoku,함경선,129.74410,41.76690,1,1,Kankyōhoku-dō,
hk_062,반송,盤松,Pansong,Banshō,함경선,128.53640,40.17320,1,1,Kankyōnan-dō,
hn_001,대전,大田,Taejŏn,Taiden,호남선 / 경부선,127.43410,36.33200,1,1,Chūseinan-dō,
hn_002,서대전,西大田,Sŏdaejŏn,Nishitaiden,호남선,127.40270,36.32230,1,1,Chūseinan-dō,
hn_003,가수원,佳水院,Kasuwŏn,Kasuiin,호남선,127.35740,36.29660,1,1,Chūseinan-dō,
hn_004,흑석리,黒石里,Hŭksŏngni,Kokusekiri,호남선,127.33940,36.25690,1,1,Chūseinan-dō,
hn_005,두계,豆溪,Tugye,Tōkei,호남선,127.26660,36.27230,1,1,Chūseinan-dō,
hn_006,연산,連山,Yŏnsan,Renzan,호남선,127.19650,36.21040,1,1,Chūseinan-dō,
hn_007,논산,論山,Nonsan,Ronzan,호남선,127.08980,36.20540,1,1,Chūseinan-dō,
hn_008,강경,江景,Kanggyŏng,Kōkei,호남선,127.01340,36.15210,1,1,Chūseinan-dō,
hn_009,함열,咸悅,Hamyŏl,Kanetsu,호남선,126.95700,36.07920,1,1,Chūseinan-dō,
hn_010,황등,黄登,Hwangdŭng,Kōgō,호남선,126.94270,35.99990,1,1,Zenrahoku-dō,
hn_012,부용,芙蓉,Puyong,Fuyō,호남선,126.94540,35.87190,1,1,Zenrahoku-dō,
hn_013,김제,金堤,Kimje,Kintei,호남선,126.90330,35.79230,1,1,Zenrahoku-dō,
hn_014,신태인,新泰仁,Sint'aein,Shintaijin,호남선,126.88420,35.68840,1,1,Zenrahoku-dō,
hn_015,정읍,井邑,Chŏngŭp,Seiyū,호남선,126.84230,35.57660,1,1,Zenrahoku-dō,
hn_016,사가리,四街里,Sagari,Shigairi,호남선,126.80810,35.43070,1,1,Zenrahoku-dō,
hn_017,신흥리,新興里,Sinhŭngni,Shinkyōri,호남선,126.80470,35.37390,1,1,Zenranan-dō,
hn_018,장성,長城,Changsŏng,Chōjō,호남선,126.77970,35.29970,1,1,Zenranan-dō,
hn_019,임곡,林谷,Imgok,Rinkoku,호남선,126.74380,35.21860,1,1,Zenranan-dō,
hn_020,송정리,松汀里,Songjŏngni,Shōchōri,호남선 / 경전선,126.79060,35.13810,1,1,Zenranan-dō,
hn_021,나주,羅州,Naju,Rashū,호남선,126.72650,35.02760,1,1,Zenranan-dō,
hn_022,영산포,栄山浦,Yŏngsanp'o,Eisanho,호남선,126.70620,35.00490,1,1,Zenranan-dō,
hn_023,다시,多侍,Tasi,Taji,호남선,126.64100,35.01670,1,1,Zenranan-dō,
hn_024,고막원,古幕院,Komagwŏn,Komakuin,호남선,126.59110,35.03110,1,1,Zenranan-dō,
hn_025,학교,鶴橋,Hakkyo,Kakukyō,호남선,126.53510,35.01480,1,1,Zenranan-dō,
hn_026,몽탄,夢灘,Mongt'an,Munan,호남선,126.50420,34.92950,1,1,Zenranan-dō,
hn_027,명산,明山,Myŏngsan,Meizan,호남선,126.52380,34.89730,1,1,Zenranan-dō,
hn_028,삼향,三鄕,Samhyang,Sankyō,호남선,126.49550,34.84930,1,1,Zenranan-dō,
hn_029,임성리,任城里,Imsŏngni,Ninjōri,호남선,126.43430,34.82020,1,1,Zenranan-dō,
hn_030,목포,木浦,Mokp'o,Moppo,호남선,126.38720,34.79100,1,1,Zenranan-dō,
hrt_002,영수,永綏,Yŏngsu,Yōsui,회령탄광선,129.69810,42.42390,1,1,,
hrt_003,봉의,鳳儀,Pongŭi,Hōgi,회령탄광선,129.66280,42.42990,1,1,,
hrt_004,유선,遊仙,Yusŏn,Yūsen,회령탄광선,129.65520,42.41850,1,1,,
hrt_005,계림,鶏林,Kyerim,Keirin,회령탄광선,129.64310,42.41770,1,1,,
hs_002,남석,南夕,Namsŏk,Nanseki,혜산선,129.27380,41.02760,,1,Kankyōhoku-dō,
hs_003,재덕,載德,Chaedŏk,Saitoku,혜산선,129.16880,41.12720,,1,Kankyōhoku-dō,
hs_004,성덕,城德,Sŏngdŏk,Jōtoku,혜산선,129.04460,41.14440,,1,Kankyōhoku-dō,
hs_005,양곡,暘谷,Yanggok,Yōkoku,혜산선,128.93960,41.17660,,1,Kankyōhoku-dō,
hs_006,합수,合水,Hapsu,Gōsui,혜산선,128.87220,41.21140,,1,Kankyōhoku-dō,
hs_008,영하,嶺下,Yŏngha,Reika,혜산선,128.70990,41.26870,,1,Kankyōhoku-dō,
hs_009,남중,南中,Namjung,Nanchū,혜산선,128.60770,41.28660,,1,Kankyōnan-dō,
hs_010,생장,生長,Saengjang,Seichō,혜산선,128.55740,41.28420,,1,Kankyōnan-dō,
hs_011,봉두리,鳳頭里,Pongduri,Hōtōri,혜산선,128.51990,41.30050,,1,Kankyōnan-dō,
hs_012,심포리,深浦里,Simp'ori,Shinpori,혜산선,128.37520,41.37550,,1,Kankyōnan-dō,
hs_013,대오천,大五川,Taeoch'ŏn,Taigosen,혜산선,128.35710,41.41720,,1,Kankyōnan-dō,
hs_014,위연,渭淵靑年,Wiyŏn,Ienseinen,혜산선,128.26350,41.42230,,1,Kankyōnan-dō,
hs_015,혜산진,惠山鎭,Hyesanjin,Keisanchin,혜산선,128.19570,41.40760,,1,,
jh_001,창원,昌原,Ch'angwŏn,Shōgen,진해선 / 경전남부선,128.60580,35.25710,1,1,Keishōnan-dō,
jh_002,상남,上南,Sangnam,Jōnan,진해선,128.68700,35.22220,1,1,Keishōnan-dō,
jh_003,성주사,聖住寺,Sŏngjusa,Seijūji,진해선,128.69950,35.18210,1,1,Keishōnan-dō,
jh_004,경화,慶和,Kyŏnghwa,Keiwa,진해선,128.68670,35.15930,1,1,Keishōnan-dō,
jh_005,진해,鎮海,Chinhae,Chinkai,진해선,128.66370,35.15340,1,1,Keishōnan-dō,
jj_002,서함흥,西咸興,Sŏhamhŭng,Nishi-Kankō,장진선,127.52150,39.90800,1,1,Kankyōnan-dō,
jj_003,흥상,興祥,Hŭngsang,Kōshō,장진선,127.51370,39.94370,1,1,Kankyōnan-dō,
jj_004,부민,富民,Pumin,Fumin,장진선,127.50830,39.96710,1,1,Kankyōnan-dō,
jj_005,장흥,長興,Changhŭng,Chōkō,장진선,127.50270,39.98020,1,1,Kankyōnan-dō,
jj_006,오로,五老,Oro,Gorō,장진선 / 송흥선,127.46450,40.01670,1,1,Kankyōnan-dō,
jj_007,동양,東陽,Tongyang,Tōyō,장진선,127.41670,40.04210,1,1,Kankyōnan-dō,
jj_008,송당,松堂,Songdang,Shōdō,장진선,127.38050,40.06140,1,1,Kankyōnan-dō,
jj_009,동정,東井,Tongjŏng,Tōsei,장진선,127.35900,40.07320,1,1,Kankyōnan-dō,
jj_010,상통,上通,Sangt'ong,Jōtsū,장진선,127.35300,40.09080,1,1,Kankyōnan-dō,
jj_011,용수,龍水,Yongsu,Ryūsui,장진선,127.33650,40.12450,,1,Kankyōnan-dō,
jj_012,하기천,下岐川,Hagich'ŏn,Kagisen,장진선,127.32450,40.16840,,1,Kankyōnan-dō,
jj_013,삼거,三巨,Samgŏ,Sankyo,장진선,127.30010,40.17660,,1,Kankyōnan-dō,
jj_014,보장,堡庄,Pojang,Hoshō,장진선,127.29200,40.21640,,1,Kankyōnan-dō,
jj_015,황초령분실,黃草嶺分室,Hwangch'oryŏngbunsil,Kōsōreibunshitsu,장진선,127.31490,40.23870,,1,Kankyōnan-dō,
jj_016,황초령,黄草嶺,Hwangch'oryŏng,Kōsōrei,장진선,127.31380,40.26080,,1,Kankyōnan-dō,
jj_017,고토,古土,Kot'o,Kodo,장진선,127.30150,40.28420,,1,Kankyōnan-dō,
jj_018,상평,上坪,Sangp'yŏng,Jōhei,장진선,127.27720,40.34300,,1,Kankyōnan-dō,
jj_019,하갈,下碣,Hagal,Kekatsu,장진선,127.25760,40.40010,,1,Kankyōnan-dō,
jj_020,사수,泗水,Sasu,Shisui,장진선,127.27000,40.43400,,1,Kankyōnan-dō,
jr_001,여수항,麗水港,Yŏsuhang,Reisuikō,전라선,127.75650,34.74290,1,1,,
jr_002,여수,麗水,Yŏsu,Reisui,전라선,127.74750,34.74740,1,1,Zenranan-dō,
jr_003,만성,万聖,Mansŏng,Mansei,전라선,127.74630,34.77310,1,1,,
jr_004,미평,美坪,Mip'yŏng,Mihyō,전라선,127.70610,34.76640,1,1,Zenranan-dō,
jr_005,쌍봉,雙鳳,Ssangbong,Sōhō,전라선,127.65870,34.76850,1,1,,
jr_006,덕양,徳陽,Tŏgyang,Tokuyō,전라선,127.63530,34.79860,1,1,,
jr_007,신풍,新豊,Sinp'ung,Shinhō,전라선,127.61470,34.83500,1,1,,
jr_008,율촌,栗村,Yulch'on,Risson,전라선,127.58100,34.87710,1,1,Zenranan-dō,
jr_009,성산,星山,Sŏngsan,Seisan,전라선,127.54740,34.92150,1,1,Zenranan-dō,
jr_010,순천,順天,Sunch'ŏn,Junten,전라선 / 경전선,127.51500,34.94250,1,1,Zenranan-dō,
jr_011,동순천,東順天,Tongsunch'ŏn,Tōjunten,전라선,127.49240,34.95380,1,1,Zenranan-dō,
jr_012,학구,鶴口,Hakku,Kakukō,전라선,127.45110,35.02420,,1,Zenranan-dō,
jr_013,괴목,槐木,Koemok,Kaimoku,전라선,127.42360,35.09130,,1,Zenranan-dō,
jr_014,구례구,求礼口,Kuryegu,Ureijichi,전라선,127.45540,35.16100,,1,Zenranan-dō,
jr_015,압록,鴨緑,Amnok,Ōryoku,전라선,127.37420,35.19530,,1,Zenranan-dō,
jr_016,침곡,寢谷,Ch'imgok,Shinkoku,전라선,127.35050,35.25860,,1,Zenrahoku-dō,
jr_017,곡성,谷城,Koksŏng,Kokujō,전라선,127.30960,35.27730,,1,Zenrahoku-dō,
jr_018,금지,金池,Kŭmji,Kinchi,전라선,127.28980,35.32840,,1,Zenrahoku-dō,
jr_019,주생,周生,Chusaeng,Shūsei,전라선,127.32230,35.38010,,1,Zenrahoku-dō,
jr_020,남원,南原,Namwŏn,Nangen,전라선,127.38480,35.41600,,1,Zenrahoku-dō,
jr_021,산성,山城,Sansŏng,Sanjō,전라선,127.35890,35.44370,,1,Zenrahoku-dō,
jr_022,서도,書道,Sŏdo,Shodō,전라선,127.33530,35.48650,,1,Zenrahoku-dō,
jr_023,오수,獒樹,Osu,Gōju,전라선,127.32740,35.54450,,1,Zenrahoku-dō,
jr_024,오류,五柳,Oryu,Goryū,전라선,127.32020,35.60100,,1,Zenrahoku-dō,
jr_025,임실,任實,Imsil,Ninjitsu,전라선,127.28210,35.63720,,1,Zenrahoku-dō,
jr_026,관촌,館村,Kwanch'on,Kanson,전라선,127.27500,35.66450,,1,Zenrahoku-dō,
jr_027,남관,南關,Namgwan,Nankan,전라선,127.23010,35.72600,,1,Zenrahoku-dō,
jr_028,신리,新里,Silli,Shinri,전라선,127.21080,35.76850,,1,Zenrahoku-dō,
jr_029,전주,全州,Chŏnju,Zenshū,전라선,127.14890,35.82480,1,1,Zenrahoku-dō,
jr_030,덕진,徳津,Tŏkchin,Tokushi,전라선,127.12230,35.84640,1,1,Zenrahoku-dō,
jr_031,동산,東山,Tongsan,Tōzan,전라선,127.08330,35.87710,1,1,Zenrahoku-dō,
jr_032,삼례,参礼,Samnye,Sanrei,전라선,127.06380,35.90720,1,1,Zenrahoku-dō,
jr_033,대장,大場,Taejang,Ōba,전라선,127.00470,35.90410,1,1,Zenrahoku-dō,
jr_034,구이리,舊裡里,Kuiri,Kyūriri,전라선,126.96140,35.92760,1,1,Zenrahoku-dō,
kc_001,성동,城東,Sŏngdong,Jōtō,경춘선,127.03570,37.57770,,1,Keiki-dō,
kc_002,연촌,硯村,Yŏnch'on,Genson,경춘선 / 경원선,127.05950,37.63070,1,1,Keiki-dō,
kc_003,퇴계원,退渓院,T'oegyewŏn,Taikeiin,경춘선,127.14370,37.64830,,1,Keiki-dō,
kc_004,금곡리,金谷里,Kŭmgongni,Kinkokuri,경춘선,127.20180,37.63350,,1,Keiki-dō,
kc_005,마석,磨石,Masŏk,Maseki,경춘선,127.31190,37.65240,,1,Keiki-dō,
kc_006,청평,清平,Ch'ŏngp'yŏng,Seihei,경춘선,127.42270,37.73710,,1,Keiki-dō,
kc_007,가평,加平,Kap'yŏng,Kahei,경춘선,127.51290,37.82320,,1,Keiki-dō,
kc_008,춘천,春川,Ch'unch'ŏn,Shunsen,경춘선,127.71770,37.88490,,1,Kōgen-dō,
ke_001,경성,京城,Kyŏngsŏng,Keijō,경의선 / 경인선 / 경부선 / 경원선,126.97110,37.55520,1,1,Keiki-dō,
ke_002,신촌,新村,Sinch'on,Shinson,경의선,126.94300,37.56040,1,1,Keiki-dō,
ke_003,수색,水色,Susaek,Suishoku,경의선,126.88020,37.59330,1,1,Keiki-dō,
ke_004,능곡,陵谷,Nŭnggok,Ryōkoku,경의선,126.81940,37.61980,1,1,Keiki-dō,
ke_005,일산,一山,Ilsan,Issan,경의선,126.76850,37.68240,1,1,Keiki-dō,
ke_006,금촌,金村,Kŭmch'on,Kinson,경의선,126.77390,37.76580,1,1,Keiki-dō,
ke_007,문산,汶山,Munsan,Bunzan,경의선,126.78740,37.85460,1,1,Keiki-dō,
ke_008,임진강,臨津江,Imjin'gang,Rinshinkō,경의선,126.74560,37.88880,1,1,Keiki-dō,
ke_009,장단,長湍,Changdan,Chōtan,경의선,126.68810,37.90480,1,1,Keiki-dō,
ke_010,봉동,鳳東,Pongdong,Hōtō,경의선,126.62250,37.94660,1,1,Keiki-dō,
ke_011,개성,開城,Kaesŏng,Kaijō,경의선,126.54130,37.96870,1,1,Keiki-dō,
ke_012,토성,土城,T'osŏng,Dojō,경의선 / 토해선,126.45780,37.95280,1,1,Keiki-dō,
ke_013,여현,礪峴,Yŏhyŏn,Reiken,경의선,126.43890,38.00790,1,1,Kōkai-dō,
ke_014,계정,鶏井,Kyejŏng,Keisei,경의선,126.45380,38.06720,1,1,Kōkai-dō,
ke_015,금교,金郊,Kŭmgyo,Kinkō,경의선,126.47510,38.16370,1,1,Kōkai-dō,
ke_016,한포,汗浦,Hanp'o,Kanpo,경의선,126.45300,38.22700,1,1,Kōkai-dō,
ke_017,평산,平山,P'yŏngsan,Heizan,경의선,126.43150,38.26060,1,1,Kōkai-dō,
ke_018,남천,南川,Namch'ŏn,Nansen,경의선,126.39590,38.33190,1,1,Kōkai-dō,
ke_019,물개,物開,Mulgae,Bukkai,경의선,126.32350,38.37490,1,1,Kōkai-dō,
ke_020,신막,新幕,Sinmak,Shinbaku,경의선,126.22720,38.41870,1,1,Kōkai-dō,
ke_021,서흥,瑞興,Sŏhŭng,Zuikō,경의선,126.17190,38.42330,1,1,Kōkai-dō,
ke_022,흥수,興水,Hŭngsu,Kōsui,경의선,126.02510,38.45990,1,1,Kōkai-dō,
ke_023,청계,清溪,Ch'ŏnggye,Seikei,경의선,125.93760,38.46320,1,1,Kōkai-dō,
ke_024,마동,馬洞,Madong,Badō,경의선,125.86150,38.46800,1,1,Kōkai-dō,
ke_025,신봉산,新鳳山,Sinbongsan,Shinpōzan,경의선,125.81470,38.49370,1,1,Kōkai-dō,
ke_026,사리원,沙里院,Sariwŏn,Shariin,경의선,125.76310,38.50440,1,1,Kōkai-dō,
ke_027,계동,桂東,Kyedong,Keitō,경의선,125.71850,38.55970,1,1,Kōkai-dō,
ke_028,심촌,沈村,Simch'on,Chinson,경의선,125.72670,38.61090,1,1,Kōkai-dō,
ke_030,흑교,黒橋,Hŭkkyo,Kokkyō,경의선,125.79050,38.79980,1,1,Heiannan-dō,
ke_031,중화,中和,Chunghwa,Chūwa,경의선,125.78790,38.85800,1,1,Heiannan-dō,
ke_032,역포,力浦,Yŏkp'o,Ryokuho,경의선,125.77700,38.91840,1,1,Heiannan-dō,
ke_033,대동강,大同江,Taedonggang,Daidōkō,경의선 / 평양탄광선,125.75530,38.98430,1,1,Heiannan-dō,
ke_034,평양,平壤,P'yŏngyang,Heijō,경의선 / 만포선 / 평남선 / 평양탄광선,125.73580,39.00460,1,1,Heiannan-dō,
ke_036,서포,西浦,Sŏp'o,Seiho,경의선 / 만포선,125.73530,39.09150,1,1,Heiannan-dō,
ke_037,간리,間里,Kalli,Kanri,경의선,125.70140,39.13920,1,1,Heiannan-dō,
ke_038,순안,順安,Sunan,Jun'an,경의선,125.68310,39.19630,1,1,Heiannan-dō,
ke_039,석암,石巌,Sŏgam,Sekigan,경의선,125.68440,39.26140,1,1,Heiannan-dō,
ke_040,어파,漁波,Ŏp'a,Gyoha,경의선,125.64970,39.32740,1,1,Heiannan-dō,
ke_041,숙천,粛川,Sukch'ŏn,Shukusen,경의선,125.61800,39.41110,1,1,Heiannan-dō,
ke_042,만성,万城,Mansŏng,Banjō,경의선,125.59060,39.49670,1,1,Heiannan-dō,
ke_043,대교,大橋,Taegyo,Taikyō,경의선,125.57370,39.55800,1,1,Heiannan-dō,
ke_045,맹중리,孟中里,Maengjungni,Mōchūri,경의선 / 박천선,125.59700,39.64810,1,1,Heianhoku-dō,
ke_046,영미,嶺美,Yŏngmi,Reibi,경의선,125.51790,39.66100,1,1,Heianhoku-dō,
ke_047,운전,雲田,Unjŏn,Unden,경의선,125.40170,39.60090,1,1,Heianhoku-dō,
ke_048,고읍,古邑,Koŭp,Koyū,경의선,125.30790,39.60650,1,1,Heianhoku-dō,
ke_049,정주,定州,Chŏngju,Teishū,경의선 / 평북선,125.21420,39.68670,1,1,Heianhoku-dō,
ke_050,하단,下端,Hadan,Katan,경의선,125.15580,39.67570,1,1,Heianhoku-dō,
ke_051,곽산,郭山,Kwaksan,Kakuzan,경의선,125.07750,39.68440,1,1,Heianhoku-dō,
ke_052,노하,路下,Noha,Roka,경의선,124.98450,39.73650,1,1,Heianhoku-dō,
ke_053,선천,宣川,Sŏnch'ŏn,Sensen,경의선,124.91890,39.79860,1,1,Heianhoku-dō,
ke_054,동림,東林,Tongnim,Tōrin,경의선,124.85060,39.82140,1,1,Heianhoku-dō,
ke_055,차련관,車輦館,Ch'aryŏn'gwan,Sharenkan,경의선,124.71420,39.85570,1,1,Heianhoku-dō,
ke_056,남시,南市,Namsi,Nanshi,경의선,124.60290,39.89530,1,1,Heianhoku-dō,
ke_057,양책,良策,Yangch'aek,Ryōsaku,경의선,124.64870,39.95510,1,1,Heianhoku-dō,
ke_058,비현,枇峴,Pihyŏn,Hiken,경의선,124.61030,40.01370,1,1,Heianhoku-dō,
ke_059,백마,白馬,Paengma,Hakuba,경의선,124.56020,40.07410,1,1,Heianhoku-dō,
ke_060,석하,石下,Sŏkha,Sekka,경의선,124.45230,40.06020,1,1,Heianhoku-dō,
ke_061,남신의주,南新義州,Namsinŭiju,Minami-Shingishū,경의선,124.40160,40.10700,1,1,Heianhoku-dō,
ke_062,신의주,新義州,Sinŭiju,Shingishū,경의선,124.37990,40.12300,1,1,,
ke경인_002,용산,龍山,Yongsan,Ryūzan,경인선 / 경부선 / 경원선,126.96430,37.52970,1,1,Keiki-dō,
ke경인_003,노량진,鷺梁津,Noryangjin,Roryōshin,경인선 / 경부선,126.94050,37.51410,1,1,Keiki-dō,
ke경인_004,영등포,永登浦,Yŏngdŭngp'o,Eitōho,경인선,126.90750,37.51570,1,1,Keiki-dō,
ke경인_005,오류동,梧柳洞,Oryudong,Goryūdō,경인선,126.84350,37.49480,1,1,Keiki-dō,
ke경인_006,소사,素砂,Sosa,Sosa,경인선,126.78280,37.48380,1,1,Keiki-dō,
ke경인_007,부평,富平,Pup'yŏng,Fuhei,경인선,126.72420,37.48980,1,1,Keiki-dō,
ke경인_008,주안,朱安,Chuan,Shuan,경인선,126.67910,37.46530,1,1,Keiki-dō,
ke경인_009,상인천,上仁川,Sanginch'ŏn,Jōjinsen,경인선,126.63560,37.47270,1,1,Keiki-dō,
ke경인_010,인천항,仁川港,Inch'ŏnhang,Jinsenkō,경인선 / 수인선,126.62860,37.46480,1,1,Keiki-dō,
kj_001,전남광주,全南光州,Chŏnnamgwangju,Zen'nan Kōshū,광주선 / 경전선,126.90860,35.15860,1,1,Zenranan-dō,
kj_002,망월,望月,Mangwŏl,Bōgetsu,광주선,126.94640,35.21510,1,1,Zenranan-dō,
kj_003,장산,長山,Changsan,Chōzan,광주선,126.95680,35.24620,1,1,Zenranan-dō,
kj_004,마항,馬項,Mahang,Bakō,광주선,126.95840,35.28000,1,1,Zenranan-dō,
kj_005,담양,潭陽,Tamyang,Tan'yō,광주선,126.98260,35.31340,1,1,Zenranan-dō,
kjn_001,삼랑진,三浪津,Samnangjin,Sanrōshin,경전남부선 / 경부선,128.84340,35.39900,1,1,Keishōnan-dō,
kjn_002,낙동강,洛東江,Naktonggang,Rakutōkō,경전남부선,128.82750,35.38750,1,1,Keishōnan-dō,
kjn_003,유림정,翰林亭,Yurimjŏng,Kanrintei,경전남부선,128.80190,35.31760,1,1,Keishōnan-dō,
kjn_004,진영,進永,Chinyŏng,Shin'ei,경전남부선,128.73180,35.30380,1,1,Keishōnan-dō,
kjn_005,덕산,徳山,Tŏksan,Tokusan,경전남부선,128.69610,35.28540,1,1,Keishōnan-dō,
kjn_007,구창원,舊昌原,Kuch'angwŏn,Kyūshōgen,경전남부선,128.57750,35.23260,1,1,Keishōnan-dō,
kjn_008,마산,馬山,Masan,Masan,경전남부선,128.56320,35.18920,1,1,Keishōnan-dō,
kjn_009,북마산,北馬山,Pungmasan,Hokubasan,경전남부선,128.57020,35.20880,1,1,Keishōnan-dō,
kjn_010,중리,中里,Chungni,Chūri,경전남부선,128.51740,35.25070,1,1,Keishōnan-dō,
kjn_011,산인,山仁,Sanin,Sanjin,경전남부선,128.45560,35.27090,1,1,Keishōnan-dō,
kjn_012,함북,咸安,Hambuk,Kan'an,경전남부선,128.40980,35.27690,1,1,Keishōnan-dō,
kjn_013,군북,郡北,Kunbuk,Gunhoku,경전남부선,128.34540,35.25840,1,1,Keishōnan-dō,
kjn_014,원북,院北,Wŏnbuk,Inhoku,경전남부선,128.32620,35.23210,1,1,Keishōnan-dō,
kjn_015,평촌,坪村,P'yŏngch'on,Heison,경전남부선,128.32830,35.18350,1,1,Keishōnan-dō,
kjn_016,반송,班城,Pansong,Hanjō,경전남부선,128.27150,35.17260,1,1,Keishōnan-dō,
kjn_017,이천,晉城,Ich'ŏn,Shinjō,경전남부선,128.22620,35.15470,1,1,Keishōnan-dō,
kjn_018,갈촌,葛村,Kalch'on,Kasson,경전남부선,128.21670,35.14500,1,1,Keishōnan-dō,
kjn_019,남문산,南文山,Nammunsan,Nanbunzan,경전남부선,128.16790,35.16820,1,1,Keishōnan-dō,
kjn_020,개양,開陽,Kaeyang,Kaiyō,경전남부선,128.11900,35.15280,1,1,Keishōnan-dō,
kjn_021,진주,晉州,Chinju,Shinshū,경전남부선,128.08830,35.17860,1,1,Keishōnan-dō,
kjs_002,수덕,水徳,Sudŏk,Suitoku,경전선,127.46740,34.88510,1,1,Zenranan-dō,
kjs_003,원창,元倉,Wŏnch'ang,Gensō,경전선,127.45150,34.86100,1,1,Zenranan-dō,
kjs_004,구룡,九龍,Kuryong,Kyūryū,경전선,127.42270,34.84130,1,1,Zenranan-dō,
kjs_005,벌교,筏橋,Pŏlgyo,Hakkyō,경전선,127.34960,34.84120,1,1,Zenranan-dō,
kjs_006,조성리,鳥城里,Chosŏngni,Chōjōri,경전선,127.25150,34.80600,1,1,Zenranan-dō,
kjs_007,예당,礼堂,Yedang,Reigō,경전선,127.20340,34.77580,1,1,Zenranan-dō,
kjs_008,득량,得粮,Tŭngnyang,Tokuryō,경전선,127.17610,34.76140,1,1,Zenranan-dō,
kjs_009,보성,宝城,Posŏng,Hōjō,경전선,127.08570,34.76690,1,1,Zenranan-dō,
kjs_010,광곡,広谷,Kwanggok,Kakoku,경전선,127.07820,34.79660,1,1,Zenranan-dō,
kjs_011,명봉,鳴鳳,Myŏngbong,Meihō,경전선,127.08270,34.82760,1,1,Zenranan-dō,
kjs_012,도림,道林,Torim,Dōrin,경전선,127.01610,34.86680,1,1,Zenranan-dō,
kjs_013,이양,梨陽,Iyang,Ryō,경전선,126.99480,34.88800,1,1,Zenranan-dō,
kjs_014,입교,笠橋,Ipkyo,Ryūkyō,경전선,126.99070,34.93190,1,1,Zenranan-dō,
kjs_015,춘양,春陽,Ch'unyang,Shun'yō,경전선,126.96830,34.95110,1,1,Zenranan-dō,
kjs_016,능주,綾州,Nŭngju,Ryōshū,경전선,126.96940,34.98710,1,1,Zenranan-dō,
kjs_017,만수,万水,Mansu,Bansui,경전선,126.95850,35.01360,1,1,Zenranan-dō,
kjs_018,화순,和順,Hwasun,Wajun,경전선,126.96810,35.05120,1,1,Zenranan-dō,
kjs_019,앵남,鸚南,Aengnam,Ōnan,경전선,126.91430,35.05160,1,1,Zenranan-dō,
kjs_020,남평,南平,Namp'yŏng,Nanpei,경전선,126.87630,35.05780,1,1,Zenranan-dō,
kjs_021,효천,孝泉,Hyoch'ŏn,Kōsen,경전선,126.88130,35.09950,1,1,Zenranan-dō,
kjs_022,벽도,碧桃,Pyŏkto,Hekitō,경전선,126.90260,35.11570,1,1,Zenranan-dō,
kjs_023,신광주,新光州,Sin'gwangju,Shinkōshū,경전선,126.90580,35.13350,1,1,Zenranan-dō,
kjs_025,운암,雲巖,Unam,Ungan,경전선,126.87240,35.17330,1,1,Zenranan-dō,
kjs_026,극락강,極楽江,Kŭngnakkang,Gokurakkō,경전선,126.82840,35.17540,1,1,Zenranan-dō,
kkb_001,동경성,東京城,Tonggyŏngsŏng,Tōkyōjō,경경북부선 / 경원선,127.04710,37.57930,1,1,Keiki-dō,
kkb_002,망우,忘憂,Mangu,Bōyū,경경북부선,127.09340,37.59940,,1,Keiki-dō,
kkb_003,도농,陶農,Tonong,Tōnō,경경북부선,127.15760,37.60740,,1,Keiki-dō,
kkb_004,덕소,徳沼,Tŏkso,Tokushō,경경북부선,127.21020,37.58610,,1,Keiki-dō,
kkb_005,팔당,八堂,P'altang,Hachidō,경경북부선,127.24980,37.54430,,1,Keiki-dō,
kkb_006,양수,両水,Yangsu,Ryōsui,경경북부선,127.33070,37.54540,,1,Keiki-dō,
kkb_007,국수,菊秀,Kuksu,Kikushū,경경북부선,127.39830,37.51590,,1,Keiki-dō,
kkb_008,양평,楊平,Yangp'yŏng,Yōhei,경경북부선,127.49200,37.49300,,1,Keiki-dō,
kkb_009,원덕,元徳,Wŏndŏk,Gentoku,경경북부선,127.54520,37.46900,,1,Keiki-dō,
kkb_010,용문,龍門,Yongmun,Ryūmon,경경북부선,127.59380,37.48180,,1,Keiki-dō,
kkb_011,지평,砥平,Chip'yŏng,Shihei,경경북부선,127.63190,37.47470,,1,Keiki-dō,
kkb_012,구둔,九屯,Kudun,Kyūton,경경북부선,127.68890,37.44120,,1,Keiki-dō,
kkb_013,양동,楊東,Yangdong,Yōtō,경경북부선,127.75320,37.42390,,1,Keiki-dō,
kkb_014,양현,艮峴,Yanghyŏn,Konken,경경북부선,127.84040,37.36020,,1,Kōgen-dō,
kkb_015,동화,桐華,Tonghwa,Dōka,경경북부선,127.86000,37.34230,,1,Kōgen-dō,
kkb_016,만종,万鍾,Manjong,Manshō,경경북부선,127.89570,37.35590,,1,Kōgen-dō,
kkb_017,원주,原州,Wŏnju,Genshū,경경북부선,127.94510,37.35760,,1,Kōgen-dō,
kkn_002,율동,栗洞,Yultong,Ritsudō,경경남부선,129.17530,35.81300,1,1,Keishōhoku-dō,
kkn_003,모량,牟梁,Moryang,Bōryō,경경남부선,129.12870,35.82440,1,1,Keishōhoku-dō,
kkn_004,건천,乾川,Kŏnch'ŏn,Kansen,경경남부선,129.09700,35.85460,1,1,Keishōhoku-dō,
kkn_005,아화,阿火,Ahwa,Akuwa,경경남부선,129.05410,35.88940,1,1,Keishōhoku-dō,
kkn_006,임포,林浦,Imp'o,Rinpo,경경남부선,129.01220,35.92050,1,1,Keishōhoku-dō,
kkn_007,영천,永川,Yŏngch'ŏn,Eisen,경경남부선,128.94470,35.95910,1,1,Keishōhoku-dō,
kkn_008,경북화산,慶北花山,Kyŏngbukhwasan,Keihokukasan,경경남부선,128.85680,36.01710,,1,Keishōhoku-dō,
kkn_009,신녕,新寧,Sinnyŏng,Shinnei,경경남부선,128.79320,36.03130,,1,Keishōhoku-dō,
kkn_010,봉림,鳳林,Pongnim,Hōrin,경경남부선,128.72150,36.09230,,1,Keishōhoku-dō,
kkn_011,화본,花本,Hwabon,Kahon,경경남부선,128.69410,36.12420,,1,Keishōhoku-dō,
kkn_012,우보,友保,Ubo,Yūho,경경남부선,128.66810,36.18980,,1,Keishōhoku-dō,
kkn_013,탑리,塔里,T'amni,Tōri,경경남부선,128.68380,36.25830,,1,Keishōhoku-dō,
kkn_014,의성,義城,Ŭisŏng,Gijō,경경남부선,128.69350,36.35250,,1,Keishōhoku-dō,
kkn_015,단촌,丹村,Tanch'on,Tanson,경경남부선,128.67570,36.42040,,1,Keishōhoku-dō,
kkn_016,운산,雲山,Unsan,Unsan,경경남부선,128.65670,36.46430,,1,Keishōhoku-dō,
kkn_017,무릉,武陵,Murŭng,Buryō,경경남부선,128.68640,36.51880,,1,Keishōhoku-dō,
kkn_018,경북안동,慶北安東,Kyŏngbugandong,Keihoku Antō,경경남부선,128.73380,36.56280,,1,Keishōhoku-dō,
kp_004,사상,沙上,Sasang,Sajō,경부선,128.98940,35.16130,1,1,Keishōnan-dō,
kp_005,구포,亀浦,Kup'o,Kihō,경부선,128.99760,35.20600,1,1,Keishōnan-dō,
kp_006,물금,勿禁,Mulgŭm,Fukkin,경부선,128.98210,35.30890,1,1,Keishōnan-dō,
kp_007,원동,院洞,Wŏndong,Indō,경부선,128.92250,35.36180,1,1,Keishōnan-dō,
kp_009,밀양,密陽,Miryang,Mitsuyō,경부선,128.76850,35.47610,1,1,Keishōhoku-dō,
kp_010,유천,楡川,Yuch'ŏn,Yusen,경부선,128.76210,35.56440,1,1,Keishōhoku-dō,
kp_011,청도,清道,Ch'ŏngdo,Seidō,경부선,128.74580,35.64020,1,1,Keishōhoku-dō,
kp_012,남성현,南省峴,Namsŏnghyŏn,Minamishōgen,경부선,128.71560,35.70620,1,1,Keishōhoku-dō,
kp_013,삼성,三省,Samsŏng,Sanshō,경부선,128.72210,35.76330,1,1,Keishōhoku-dō,
kp_014,경산,慶山,Kyŏngsan,Keizan,경부선,128.72790,35.81840,1,1,Keishōhoku-dō,
kp_015,고모,顧母,Komo,Komo,경부선,128.67880,35.85950,1,1,Keishōhoku-dō,
kp_017,지천,枝川,Chich'ŏn,Shisen,경부선,128.50040,35.89670,1,1,Keishōhoku-dō,
kp_018,신동,新洞,Sindong,Shindō,경부선,128.48620,35.95520,1,1,Keishōhoku-dō,
kp_019,왜관,倭館,Waegwan,Wakan,경부선,128.40020,35.99240,1,1,Keishōhoku-dō,
kp_020,약목,若木,Yangmok,Jakuboku,경부선,128.36390,36.03790,1,1,Keishōhoku-dō,
kp_021,구미,亀尾,Kumi,Kibi,경부선,128.33070,36.12810,1,1,Keishōhoku-dō,
kp_022,아포,牙浦,Ap'o,Gaho,경부선,128.25770,36.15780,1,1,Keishōhoku-dō,
kp_023,대신,大新,Taesin,Taishin,경부선,128.19480,36.15210,1,1,Keishōhoku-dō,
kp_024,김천,金泉,Kimch'ŏn,Kinsen,경부선 / 경북선,128.11480,36.12360,1,1,Keishōhoku-dō,
kp_025,직지사,直指寺,Chikchisa,Chokushiji,경부선,128.03950,36.12510,1,1,Keishōhoku-dō,
kp_026,추풍령,秋風嶺,Ch'up'ungnyŏng,Shūfūrei,경부선,127.99640,36.21300,1,1,Keishōhoku-dō,
kp_027,황간,黄澗,Hwanggan,Kōkan,경부선,127.91110,36.22440,1,1,Keishōhoku-dō,
kp_028,영동,永同,Yŏngdong,Eigō,경부선,127.78490,36.17310,1,1,Chūseihoku-dō,
kp_029,심천,深川,Simch'ŏn,Shinsen,경부선,127.72060,36.23670,1,1,Chūseihoku-dō,
kp_030,이원,伊院,Iwŏn,Iin,경부선,127.62790,36.24890,1,1,Chūseihoku-dō,
kp_031,옥천,沃川,Okch'ŏn,Yokusen,경부선,127.56540,36.29840,1,1,Chūseihoku-dō,
kp_032,세천,細川,Sech'ŏn,Saisen,경부선,127.49050,36.33710,1,1,Chūseinan-dō,
kp_034,회덕,懐徳,Hoedŏk,Kaitoku,경부선,127.42140,36.40250,1,1,Chūseihoku-dō,
kp_035,신탄진,新灘津,Sint'anjin,Shinnanshin,경부선,127.42820,36.44830,1,1,Chūseihoku-dō,
kp_036,매포,梅浦,Maep'o,Haiho,경부선,127.39100,36.49810,1,1,Chūseihoku-dō,
kp_037,부강,芙江,Pugang,Fukō,경부선,127.36520,36.53230,1,1,Chūseihoku-dō,
kp_038,내판,内板,Naep'an,Naihan,경부선,127.32810,36.55180,1,1,Chūseihoku-dō,
kp_039,조치원,鳥致院,Choch'iwŏn,Chōchiin,경부선 / 충북선,127.29570,36.60130,1,1,Chūseihoku-dō,
kp_040,전동,全東,Chŏndong,Zentō,경부선,127.26330,36.65470,1,1,Chūseinan-dō,
kp_041,전의,全義,Chŏnŭi,Zengi,경부선,127.20350,36.67810,1,1,Chūseinan-dō,
kp_042,소정리,小井里,Sojŏngni,Shōseiri,경부선,127.15570,36.71900,1,1,Chūseinan-dō,
kp_044,직산,稷山,Chiksan,Shokusan,경부선,127.14600,36.86560,1,1,Keiki-dō,
kp_045,성환,成歓,Sŏnghwan,Seikan,경부선,127.12690,36.91580,1,1,Keiki-dō,
kp_046,평택,平沢,P'yŏngt'aek,Heitaku,경부선,127.08640,36.98980,1,1,Keiki-dō,
kp_047,서정리,西井里,Sŏjŏngni,Seiseiri,경부선,127.05280,37.05650,1,1,Keiki-dō,
kp_048,오산,烏山,Osan,Uzan,경부선,127.06680,37.14620,1,1,Keiki-dō,
kp_049,병점,餅店,Pyŏngjŏm,Beiten,경부선,127.03290,37.20720,1,1,Keiki-dō,
kp_050,수원,水原,Suwŏn,Suigen,경부선 / 수인선 / 수려선,126.99960,37.26640,1,1,Keiki-dō,
kp_051,군포,軍浦,Kunp'o,Gunpo,경부선,126.94880,37.35420,1,1,Keiki-dō,
kp_052,안양,安養,Anyang,An'yō,경부선,126.92340,37.40100,1,1,Keiki-dō,
kp_053,시흥,始興,Sihŭng,Shikō,경부선,126.89420,37.45530,1,1,Keiki-dō,
kp_054,남경성,南京城,Namgyŏngsŏng,Nankyōjō,경부선,126.90760,37.51570,1,1,Keiki-dō,
kw_003,서빙고,西氷庫,Sŏbinggo,Seihyōko,경원선,126.99230,37.51960,1,1,Keiki-dō,
kw_004,수철리,水鉄里,Such'ŏlli,Suitetsuri,경원선,127.02390,37.54400,1,1,Keiki-dō,
kw_005,왕십리,往十里,Wangsimni,Ōjūri,경원선,127.03850,37.56160,1,1,Keiki-dō,
kw_008,창동,倉洞,Ch'angdong,Sōdō,경원선,127.04740,37.65300,1,1,Keiki-dō,
kw_009,의정부,議政府,Ŭijŏngbu,Giseifu,경원선,127.04610,37.73800,1,1,Keiki-dō,
kw_010,덕정,德亭,Tŏkchŏng,Tokutei,경원선,127.06090,37.84380,1,1,Keiki-dō,
kw_011,동두천,東豆川,Tongduch'ŏn,Tōtōsen,경원선,127.05470,37.92820,1,1,Keiki-dō,
kw_012,전곡,全谷,Chŏn'gok,Zenkoku,경원선,127.07100,38.02480,1,1,Keiki-dō,
kw_013,연천,漣川,Yŏnch'ŏn,Rensen,경원선,127.07380,38.10180,1,1,Kōgen-dō,
kw_014,대광리,大光里,Taegwangni,Daikōri,경원선,127.10820,38.18490,1,1,Kōgen-dō,
kw_015,철원,鉄原,Ch'ŏrwŏn,Tetsugen,경원선,127.19460,38.27380,1,1,Kōgen-dō,
kw_016,월정리,月井里,Wŏljŏngni,Gesseiri,경원선,127.22920,38.30960,1,1,Kōgen-dō,
kw_017,가곡,佳谷,Kagok,Kaikoku,경원선,127.25940,38.36320,1,1,Kōgen-dō,
kw_018,평강,平康,P'yŏnggang,Heikō,경원선,127.28810,38.41130,1,1,Kōgen-dō,
kw_019,복계,福溪,Pokkye,Fukukei,경원선,127.26300,38.43820,1,1,Kōgen-dō,
kw_020,이목,梨木,Imok,Rimoku,경원선,127.28640,38.52030,1,1,Kōgen-dō,
kw_021,검불랑,劍拂浪,Kŏmbullang,Kenfutsurō,경원선,127.31950,38.56080,1,1,Kōgen-dō,
kw_022,세포,洗浦,Sep'o,Senho,경원선,127.35740,38.64460,1,1,Kankyōnan-dō,
kw_023,삼방협,三防峽,Sambanghyŏp,Sanbōgyō,경원선,127.36180,38.70050,1,1,Kankyōnan-dō,
kw_024,삼방,三防,Sambang,Sanbō,경원선,127.37380,38.73970,1,1,Kankyōnan-dō,
kw_025,고산,高山,Kosan,Kōzan,경원선,127.42580,38.85690,1,1,Kankyōnan-dō,
kw_026,용지원,龍池院,Yongjiwŏn,Ryōchien,경원선,127.43060,38.91300,1,1,Kankyōnan-dō,
kw_027,석왕사,釋王寺,Sŏgwangsa,Shakuōji,경원선,127.41220,39.00560,1,1,Kankyōnan-dō,
kw_028,남산,南山,Namsan,Nansan,경원선,127.46270,39.01900,1,1,Kankyōnan-dō,
kw_033,덕원,德源,Tŏgwŏn,Tokugen,경원선,127.38950,39.17190,1,1,,
kw_034,문평,文坪,Munp'yŏng,Bunhei,경원선,127.35990,39.22700,1,1,Kankyōnan-dō,
kw_035,문천,文川,Munch'ŏn,Bunsen,경원선,127.30680,39.28450,1,1,Kankyōnan-dō,
kw_036,용담,龍潭,Yongdam,Ryōtan,경원선,127.24630,39.34600,1,1,Kankyōnan-dō,
kw_037,전탄,箭灘,Chŏnt'an,Sentan,경원선,127.24470,39.38320,1,1,Kankyōnan-dō,
kw_038,고원,高原,Kowŏn,Kōgen,경원선,127.24850,39.44200,1,1,Kankyōnan-dō,
kw_039,영흥,永興,Yŏnghŭng,Yōkō,경원선,127.24980,39.54570,1,1,Kankyōnan-dō,
kw_040,마장,馬場,Majang,Bajō,경원선,127.31770,39.52640,1,1,Kankyōnan-dō,
kw_041,범포,范浦,Pŏmp'o,Honho,경원선,127.39950,39.51560,1,1,Kankyōnan-dō,
kw_042,왕장,旺場,Wangjang,Ōjō,경원선,127.43320,39.56880,1,1,Kankyōnan-dō,
kw_043,신상,新上,Sinsang,Shinjō,경원선,127.41890,39.64740,1,1,Kankyōnan-dō,
kw_044,부평,富坪,Pup'yŏng,Fuhei,경원선,127.40790,39.70320,1,1,Kankyōnan-dō,
kw_045,정평,定平,Chŏngp'yŏng,Jōhei,경원선,127.39790,39.78350,1,1,Kankyōnan-dō,
kw_046,함남흥상,咸南興上,Hamnamhŭngsang,Kannan Kōjō,경원선,127.43900,39.85240,1,1,Kankyōnan-dō,
mp_002,서평양,西平壌,Sŏp'yŏngyang,Nishi-Heijō,만포선,125.74460,39.03850,1,1,Heiannan-dō,
mp_004,용성,龍城,Yongsŏng,Ryūjō,만포선,125.78520,39.12550,1,1,Heiannan-dō,
mp_005,마람,馬嵐,Maram,Baran,만포선,125.81900,39.17680,1,1,Heiannan-dō,
mp_006,배산점,裵山店,Paesanjŏm,Haisanten,만포선,125.86070,39.21460,1,1,Heiannan-dō,
mp_007,사인장,舍人場,Sainjang,Shaninjō,만포선,125.87660,39.24450,1,1,Heiannan-dō,
mp_008,봉학,鳳鶴,Ponghak,Hōkaku,만포선,125.88420,39.29700,1,1,Heiannan-dō,
mp_009,자산,慈山,Chasan,Jisan,만포선,125.89910,39.35550,1,1,Heiannan-dō,
mp_010,순천,順川,Sunch'ŏn,Junsen,만포선 / 평원선,125.94380,39.43060,1,1,Heiannan-dō,
mp_011,중평,中坪,Chungp'yŏng,Chūhyō,만포선,125.86200,39.50740,,1,Heiannan-dō,
mp_012,각암,閣岩,Kagam,Kakugan,만포선,125.86300,39.54470,,1,Heiannan-dō,
mp_013,용원리,龍源里,Yongwŏlli,Ryūgenri,만포선,125.86660,39.59810,,1,Heiannan-dō,
mp_014,천동,泉洞,Ch'ŏndong,Sentō,만포선,125.90970,39.66190,,1,Heiannan-dō,
mp_015,개천,价川,Kaech'ŏn,Kaisen,만포선,125.88890,39.69810,1,1,Heiannan-dō,
mp_016,원리,院里,Wŏlli,Inri,만포선,125.91590,39.76180,,1,Heianhoku-dō,
mp_017,봉천,鳳泉,Pongch'ŏn,Hōsen,만포선,125.94260,39.78340,,1,Heianhoku-dō,
mp_018,자작,自作,Chajak,Jisaku,만포선,125.96770,39.81510,,1,Heianhoku-dō,
mp_019,구장,球場,Kujang,Kyūjō,만포선 / 용등선,126.02190,39.87090,,1,Heianhoku-dō,
mp_020,신흥동,新興洞,Sinhŭngdong,Shinkōdō,만포선,126.08980,39.92400,,1,Heianhoku-dō,
mp_021,북신현,北薪峴,Puksinhyŏn,Hokushinken,만포선,126.12140,39.98430,,1,Heianhoku-dō,
mp_022,묘향산,妙香山,Myohyangsan,Myōkōzan,만포선,126.18120,40.02650,,1,Heianhoku-dō,
mp_023,부성,富成,Pusŏng,Fūsei,만포선,126.26390,40.12400,,1,Heianhoku-dō,
mp_024,희천,煕川,Hŭich'ŏn,Kisen,만포선,126.28210,40.17130,,1,Heianhoku-dō,
mp_025,초상,草上,Ch'osang,Sōjō,만포선,126.33280,40.24870,,1,Heianhoku-dō,
mp_026,명문,明文,Myŏngmun,Meibun,만포선,126.31290,40.29770,,1,Heianhoku-dō,
mp_027,개고,价古,Kaego,Kaiko,만포선,126.30820,40.37020,,1,Heianhoku-dō,
mp_028,구현,狗峴,Kuhyŏn,Kuken,만포선,126.35340,40.41690,,1,Heianhoku-dō,
mp_029,고인,古仁,Koin,Kojin,만포선,126.39340,40.51380,,1,Heianhoku-dō,
mp_030,이만,梨滿,Iman,Riman,만포선,126.42170,40.53220,,1,Heianhoku-dō,
mp_031,운송,雲松,Unsong,Unshō,만포선,126.49480,40.57970,,1,Heianhoku-dō,
mp_032,중암,仲岩,Chungam,Chūgan,만포선,126.48980,40.60520,,1,Heianhoku-dō,
mp_033,전천,前川,Chŏnch'ŏn,Zensen,만포선,126.44880,40.66890,,1,Heianhoku-dō,
mp_034,쌍방동,雙芳洞,Ssangbangdong,Sōhōdō,만포선,126.51110,40.73140,,1,Heianhoku-dō,
mp_035,별하,別河,Pyŏrha,Betsuka,만포선,126.56290,40.79290,,1,Heianhoku-dō,
mp_036,오모로,梧毛老,Omoro,Gomōrō,만포선,126.55720,40.85330,,1,Heianhoku-dō,
mp_037,공인,公仁,Kongin,Kōjin,만포선,126.60320,40.92440,,1,Heianhoku-dō,
mp_038,강계,江界,Kanggye,Kōkai,만포선,126.58160,40.96900,,1,Heianhoku-dō,
mp_039,곡하,曲河,Kokha,Kyokuka,만포선,126.50810,40.98670,,1,Heianhoku-dō,
mp_040,쌍부,雙富,Ssangbu,Sōfu,만포선,126.44350,40.99790,,1,Heianhoku-dō,
mp_041,안찬,安贊,Anch'an,Ansan,만포선,126.41840,41.04430,,1,Heianhoku-dō,
mp_042,시중,時中,Sijung,Jichū,만포선,126.35000,41.08320,,1,Heianhoku-dō,
mp_043,외귀,外貴,Oegwi,Gaiki,만포선,126.34640,41.13660,,1,Heianhoku-dō,
mp_044,만포,滿浦,Manp'o,Manho,만포선,126.29750,41.15080,,1,Heianhoku-dō,
oj_003,서해주,西海州,Sŏhaeju,Nishi-Kaishū,옹진선,125.66710,38.03750,,1,Kōkai-dō,
oj_004,문정,文井,Munjŏng,Bunshō,옹진선,125.63420,38.05830,,1,Kōkai-dō,
oj_005,서석,西席,Sŏsŏk,Seiseki,옹진선,125.59300,38.06720,,1,Kōkai-dō,
oj_006,취야,翠野,Ch'wiya,Suiya,옹진선,125.54510,38.04680,,1,Kōkai-dō,
oj_007,국봉,菊峰,Kukpong,Kikuhō,옹진선,125.51360,38.04140,,1,Kōkai-dō,
oj_008,자양,紫陽,Chayang,Shiyō,옹진선,125.48620,38.00590,,1,Kōkai-dō,
oj_009,장둔,長屯,Changdun,Chōton,옹진선,125.47220,37.98590,,1,Kōkai-dō,
oj_010,신강령,新康翎,Sin'gangnyŏng,Shinkōrei,옹진선,125.46220,37.94700,,1,Kōkai-dō,
oj_011,냉정,冷井,Naengjŏng,Reisei,옹진선,125.39970,37.93800,,1,Kōkai-dō,
oj_012,옹진,甕津,Ongjin,Ōshin,옹진선,125.36190,37.93800,,1,Kōkai-dō,
pa_001,진남포,鎮南浦,Chinnamp'o,Chin'nanpo,평안선 / 평남선,125.41250,38.73330,1,1,Heiannan-dō,
pa_002,덕동,徳洞,Tŏktong,Tokutō,평안선,125.33240,38.74530,,1,Heiannan-dō,
pa_003,동광량,東広梁,Tonggwangnyang,Higashikōryō,평안선,125.25770,38.79330,,1,Heiannan-dō,
pa_004,서광량,西広梁,Sŏgwangnyang,Nishikōryō,평안선,125.24400,38.80570,,1,Heiannan-dō,
pa_005,귀성,貴城,Kwisŏng,Kijō,평안선,125.17960,38.85780,,1,Heiannan-dō,
pa_006,용강온천,龍岡温泉,Yonggangonch'ŏn,Ryōkōonsen,평안선,125.22630,38.88370,,1,Heiannan-dō,
pb_002,고안,高安,Koan,Kōan,평북선,125.23700,39.74490,,1,Heianhoku-dō,
pb_003,봉명,鳳鳴,Pongmyŏng,Hōmei,평북선,125.24550,39.77820,,1,Heianhoku-dō,
pb_004,방현,方峴,Panghyŏn,Hōken,평북선,125.23070,39.88430,,1,Heianhoku-dō,
pb_005,평북구성,平北亀城,P'yŏngbukkusŏng,Heihoku Kujō,평북선,125.25880,39.98380,,1,Heianhoku-dō,
pb_006,백운,白雲,Paegun,Hakuun,평북선,125.21690,40.04490,,1,Heianhoku-dō,
pb_007,대안,大安,Taean,Daiain,평북선,125.21720,40.15120,,1,Heianhoku-dō,
pb_008,대관,大館,Taegwan,Daikan,평북선,125.20910,40.21190,,1,Heianhoku-dō,
pb_009,창평,昌坪,Ch'angp'yŏng,Shōhei,평북선,125.17640,40.26450,,1,Heianhoku-dō,
pb_010,삭주온천,朔州温泉,Sakchuonch'ŏn,Sakushū Onsen,평북선,125.06640,40.31750,,1,Heianhoku-dō,
pb_011,삭주,朔州,Sakchu,Sakushū,평북선,125.03620,40.39220,,1,Heianhoku-dō,
pb_012,신안,新安,Sinan,Shin'an,평북선,124.99760,40.41140,,1,Heianhoku-dō,
pb_013,부풍,富豊,Pup'ung,Fūhō,평북선,124.94690,40.43490,,1,,
pb_014,수풍,水豊,Sup'ung,Suihō,평북선,124.92540,40.45150,,1,,
pc_002,일원,一院,Irwŏn,Ichiin,박천선,125.59790,39.69310,1,1,Heianhoku-dō,
pc_003,박천,博川,Pakch'ŏn,Hakusen,박천선,125.57660,39.72080,1,1,Heianhoku-dō,
pn_002,조촌,趙村,Choch'on,Chōson,평남선,125.66150,39.03060,1,1,Heiannan-dō,
pn_003,대평,大平,Taep'yŏng,Taihei,평남선,125.61440,38.98030,1,1,Heiannan-dō,
pn_004,강선,降仙,Kangsŏn,Kōsen,평남선,125.57620,38.92800,1,1,Heiannan-dō,
pn_005,기양,岐陽,Kiyang,Kiyō,평남선,125.52120,38.91650,1,1,Heiannan-dō,
pn_006,대성,大成,Taesŏng,Taisei,평남선,125.45870,38.88460,1,1,Heiannan-dō,
pn_007,진지동,眞池洞,Chinjidong,Shinchigō,평남선,125.42420,38.85250,1,1,Heiannan-dō,
pn_008,갈천,葛川,Kalch'ŏn,Kassen,평남선,125.42040,38.79690,1,1,Heiannan-dō,
pys_002,봉하,鳳下,Pongha,Hōka,평원선,125.97390,39.44000,1,1,Heiannan-dō,
pys_003,고산,高山,Kosan,Kōzan,평원선,126.02110,39.40400,1,1,Heiannan-dō,
pys_004,수양,首陽,Suyang,Shuyō,평원선,126.07180,39.39170,1,1,Heiannan-dō,
pys_005,신창,新倉,Sinch'ang,Shinsō,평원선,126.11890,39.40030,1,1,Heiannan-dō,
pys_006,수덕,修德,Sudŏk,Shudoku,평원선,126.14390,39.36660,,1,Heiannan-dō,
pys_007,신성천,新成川,Sinsŏngch'ŏn,Shinseisen,평원선,126.22840,39.34290,,1,Heiannan-dō,
pys_008,거흥,巨興,Kŏhŭng,Kyokō,평원선,126.33150,39.31610,,1,Heiannan-dō,
pys_009,장림,長林,Changnim,Chōrin,평원선,126.39250,39.29330,,1,Heiannan-dō,
pys_010,동원,東元,Tongwŏn,Tōgen,평원선,126.45930,39.27520,,1,Heiannan-dō,
pys_011,인평,仁平,Inp'yŏng,Jinhei,평원선,126.51370,39.25310,,1,Heiannan-dō,
pys_012,지수,智水,Chisu,Chisui,평원선,126.56370,39.24260,,1,Heiannan-dō,
pys_013,양덕,陽德,Yangdŏk,Yōdoku,평원선,126.66860,39.20350,,1,Heiannan-dō,
pys_014,성내,城內,Sŏngnae,Jōnai,평원선,126.95640,39.44670,,1,Kankyōnan-dō,
pyt_003,선교리,船橋里,Sŏn'gyori,Senkyōri,평양탄광선,125.77300,39.00220,1,1,Heiannan-dō,
pyt_004,사동,寺洞,Sadong,Jigō,평양탄광선,125.81540,39.01220,1,1,Heiannan-dō,
pyt_005,미림,美林,Mirim,Mirin,평양탄광선,125.86640,39.02730,1,1,Heiannan-dō,
pyt_006,청룡,青龍,Ch'ŏngnyong,Seiryō,평양탄광선,125.92650,39.01560,1,1,Heiannan-dō,
pyt_007,입석리,立石里,Ipsŏngni,Rissekiri,평양탄광선,125.95520,39.00650,1,1,Heiannan-dō,
pyt_008,승호리,勝湖里,Sŭnghori,Shōkori,평양탄광선 / 서선중앙철도,125.96930,38.99430,1,1,Heiannan-dō,
sh_003,중상,中上,Chungsang,Chūjō,송흥선,127.47420,40.05070,1,1,Kankyōnan-dō,
sh_004,풍상,豊上,P'ungsang,Hōjō,송흥선,127.47340,40.08220,1,1,Kankyōnan-dō,
sh_008,전동,典洞,Chŏndong,Tentō,송흥선,127.48200,40.11620,1,1,Kankyōnan-dō,
sh_009,천불산,千仏山,Ch'ŏnbulsan,Senbutsuzan,송흥선,127.49790,40.13840,1,1,Kankyōnan-dō,
sh_010,함남신흥,咸南新興,Hamnamsinhŭng,Kannan-Shinkō,송흥선,127.55010,40.19920,1,1,Kankyōnan-dō,
sh_011,길봉,吉峰,Kilbong,Kippō,송흥선,127.58370,40.22220,1,1,Kankyōnan-dō,
sh_012,동흥,東興,Tonghŭng,Tōkō,송흥선,127.61350,40.25880,1,1,Kankyōnan-dō,
sh_013,경흥,慶興,Kyŏnghŭng,Keikō,송흥선,127.59230,40.29300,1,1,Kankyōnan-dō,
sh_014,송하,松下,Songha,Shōka,송흥선,127.58320,40.30740,1,1,Kankyōnan-dō,
sh_015,하송흥,下松興,Hasonghŭng,Kashōkō,송흥선,127.55760,40.34780,1,1,Kankyōnan-dō,
sh_016,함남송흥,咸南松興,Hamnamsonghŭng,Kan'nan Shōkō,송흥선,127.56080,40.33890,1,1,Kankyōnan-dō,
sh_017,부전령,赴戦嶺,Pujŏllyŏng,Fusenrei,송흥선,127.57070,40.39080,,1,Kankyōnan-dō,
sh_018,함지원,咸地院,Hamjiwŏn,Kanchiin,송흥선,127.59290,40.43780,,1,Kankyōnan-dō,
sh_019,원풍,元豊,Wŏnp'ung,Genhō,송흥선,127.61590,40.48870,,1,Kankyōnan-dō,
sh_020,함남도안,咸南道安,Hamnamdoan,Kan'nan Dōan,송흥선,127.60000,40.54100,,1,Kankyōnan-dō,
sh_021,부전호반,赴戦湖畔,Pujŏnhoban,Fusenkohan,송흥선,127.57110,40.54340,,1,Kankyōnan-dō,
si_002,고색,古索,Kosaek,Kosaku,수인선,126.98600,37.25130,,1,Keiki-dō,
si_003,어천,漁川,Ŏch'ŏn,Gyosen,수인선,126.90870,37.24990,,1,Keiki-dō,
si_004,일리,一里,Illi,Itsuri,수인선,126.85540,37.30810,,1,Keiki-dō,
si_005,원곡,元谷,Wŏn'gok,Genkoku,수인선,126.77130,37.33490,,1,Keiki-dō,
si_006,군자,君子,Kunja,Kunshi,수인선,126.74230,37.35170,,1,Keiki-dō,
si_007,소래,蘇萊,Sorae,Sorai,수인선,126.73630,37.40150,,1,Keiki-dō,
si_008,남동,南洞,Namdong,Nantō,수인선,126.69710,37.40640,,1,Keiki-dō,
si_009,송도,松島,Songdo,Matsushima,수인선,126.65010,37.43190,,1,Keiki-dō,
sj_002,서사리원,西沙里院,Sŏsariwŏn,Nishi-Shariin,사장선,125.74650,38.50470,1,1,Kōkai-dō,
sj_003,미곡,嵋谷,Migok,Bikoku,사장선,125.73430,38.48850,1,1,Kōkai-dō,
sj_004,서종,西鐘,Sŏjong,Seishō,사장선,125.72140,38.44980,1,1,Kōkai-dō,
sj_005,삼강,三江,Samgang,Sankō,사장선,125.70770,38.41850,1,1,Kōkai-dō,
sj_006,금산,金山,Kŭmsan,Kinzan,사장선,125.66910,38.41100,1,1,Kōkai-dō,
sj_007,재령,載寧,Chaeryŏng,Sainei,사장선,125.61210,38.40400,,1,Kōkai-dō,
sj_008,백석,白石,Paeksŏk,Hakuseki,사장선,125.57230,38.39900,,1,Kōkai-dō,
sj_009,창촌,倉村,Ch'angch'on,Sōson,사장선,125.55260,38.36810,,1,Kōkai-dō,
sj_010,신천온천,信川温泉,Sinch'ŏnonch'ŏn,Shinsen Onsen,사장선,125.52090,38.35150,,1,Kōkai-dō,
sj_011,신천,信川,Sinch'ŏn,Shinsen,사장선,125.49080,38.34820,,1,Kōkai-dō,
sj_012,용문,竜門,Yongmun,Ryūmon,사장선,125.42300,38.34070,,1,Kōkai-dō,
sj_013,문화,文化,Munhwa,Bunka,사장선,125.36940,38.35480,,1,Kōkai-dō,
sj_014,삼천온천,三泉温泉,Samch'ŏnonch'ŏn,Sansen Onsen,사장선,125.30980,38.35170,,1,Kōkai-dō,
sj_015,궁흥,弓興,Kunghŭng,Kyūkyō,사장선,125.27830,38.34790,,1,Kōkai-dō,
sj_016,야촌,野村,Yach'on,Yason,사장선,125.25250,38.33350,,1,Kōkai-dō,
sj_017,수교,水橋,Sugyo,Suikyō,사장선,125.19980,38.31580,,1,Kōkai-dō,
sj_018,송화온천,松禾温泉,Songhwaonch'ŏn,Shōka Onsen,사장선,125.16250,38.30060,,1,Kōkai-dō,
sj_019,낙산,楽山,Naksan,Rakuzan,사장선,125.14830,38.25720,,1,Kōkai-dō,
sj_020,낙도,楽道,Nakto,Rakudō,사장선,125.11680,38.24370,,1,Kōkai-dō,
sj_021,장연,長淵,Changyŏn,Chōen,사장선,125.09110,38.24800,,1,Kōkai-dō,
sr_002,본수원,本水原,Ponsuwŏn,Honsuigen,수려선,127.02040,37.27300,1,1,Keiki-dō,
sr_003,원천,遠川,Wŏnch'ŏn,Ensen,수려선,127.05630,37.27210,1,1,Keiki-dō,
sr_004,덕곡,德谷,Tŏkkok,Tokkoku,수려선,127.07760,37.27750,1,1,Keiki-dō,
sr_005,신갈,新葛,Sin'gal,Shinkatsu,수려선,127.11260,37.27520,1,1,Keiki-dō,
sr_006,어정,漁汀,Ŏjŏng,Gyochō,수려선,127.14100,37.27620,1,1,Keiki-dō,
sr_007,삼가,三街,Samga,Sangai,수려선,127.17740,37.23900,1,1,Keiki-dō,
sr_008,용인,龍仁,Yongin,Ryūjin,수려선,127.20390,37.23720,1,1,Keiki-dō,
sr_009,마평,麻坪,Map'yŏng,Mahei,수려선,127.24950,37.22850,1,1,Keiki-dō,
sr_010,양지,陽智,Yangji,Yōchi,수려선,127.28240,37.23360,1,1,Keiki-dō,
sr_011,제일,霽日,Cheil,Seijitsu,수려선,127.31970,37.24050,1,1,Keiki-dō,
sr_012,오천,午川,Och'ŏn,Gosen,수려선,127.35290,37.25390,1,1,Keiki-dō,
sr_013,표교,標橋,P'yogyo,Hyōkyō,수려선,127.40890,37.25270,1,1,Keiki-dō,
sr_014,유산,酉山,Yusan,Yūzan,수려선,127.44070,37.24730,1,1,Keiki-dō,
sr_015,이천,利川,Ich'ŏn,Risen,수려선,127.44760,37.28010,1,1,Keiki-dō,
sr_016,무촌,茂村,Much'on,Moson,수려선,127.48970,37.28940,,1,Keiki-dō,
sr_017,죽당,竹堂,Chuktang,Chikudō,수려선,127.52270,37.28220,,1,Keiki-dō,
sr_018,매류,梅柳,Maeryu,Bairyū,수려선,127.56010,37.27590,,1,Keiki-dō,
sr_019,신대,新垈,Sindae,Shintai,수려선,127.61160,37.27370,,1,Keiki-dō,
sr_020,여주,旧驪州,Yŏju,Kyūrishū,수려선,127.64140,37.29520,,1,Keiki-dō,
ssc_001,묵호항,墨湖港,Mukhohang,Mokkokō,삼척철도선,129.11290,37.55150,,1,,
ssc_002,북평,北坪,Pukp'yŏng,Hokuhei,삼척철도선,129.12260,37.49760,,1,Kōgen-dō,
ssc_003,도경리,桃京里,Togyŏngni,Tōkyōri,삼척철도선,129.11510,37.44250,,1,Kōgen-dō,
ssc_004,미로,未老,Miro,Mirō,삼척철도선,129.11350,37.41640,,1,Kōgen-dō,
ssc_005,상정,上鼎,Sangjŏng,Shanchō,삼척철도선,129.10230,37.38290,,1,Kōgen-dō,
ssc_006,신기,新基,Sin'gi,Shinki,삼척철도선,129.08390,37.34670,,1,Kōgen-dō,
ssc_007,마차리,馬次里,Mach'ari,Majiri,삼척철도선,129.07510,37.31560,,1,Kōgen-dō,
ssc_008,하고사리,下古士里,Hagosari,Kakoshiri,삼척철도선,129.06300,37.28220,,1,Kōgen-dō,
ssc_009,고사리,古士里,Kosari,Koshiri,삼척철도선,129.06520,37.27430,,1,Kōgen-dō,
ssc_010,도계,道溪,Togye,Dōkei,삼척철도선,129.04290,37.22760,,1,Kōgen-dō,
ssj_002,화천,貨泉,Hwach'ŏn,Kasen,서선중앙철도,126.04700,39.01970,,1,Heiannan-dō,
ssj_003,송가,松街,Songga,Shōgai,서선중앙철도,126.11190,38.99720,,1,Heiannan-dō,
ssj_004,삼등,三登,Samdŭng,Santō,서선중앙철도,126.17080,39.00450,,1,Heiannan-dō,
ssj_005,흑령,黒嶺,Hŭngnyŏng,Kokuryō,서선중앙철도,126.16240,39.03190,,1,Heiannan-dō,
ssj_006,석름,石凜,Sŏngnŭm,Sekirin,서선중앙철도,126.16650,39.06150,,1,Heiannan-dō,
ssj_007,평남강동,平南江東,P'yŏngnamgangdong,Heinan Kōtō,서선중앙철도,126.12760,39.13070,,1,Heiannan-dō,
yd_002,동룡굴,蝀龍窟,Tongnyonggul,Tōryūkutsu,용등선,126.05130,39.86190,,1,Heianhoku-dō,
yd_003,용등,龍登,Yongdŭng,Ryūtō,용등선,126.09480,39.82610,,1,Heianhoku-dō,
경북_002,아천,牙川,Ach'ŏn,Gasen,경북선,128.11930,36.18340,1,1,Keishōhoku-dō,
경북_003,옥산,玉山,Oksan,Gyokuzan,경북선,128.09480,36.28330,1,1,Keishōhoku-dō,
경북_004,청리,靑里,Ch'ŏngni,Seiri,경북선,128.12780,36.33830,1,1,Keishōhoku-dō,
경북_005,상주,尙州,Sangju,Shōshū,경북선,128.16480,36.41260,1,1,Keishōhoku-dō,
경북_006,백원,白元,Paegwŏn,Hakugen,경북선,128.17420,36.48180,1,1,Keishōhoku-dō,
경북_007,양정,楊亭,Yangjŏng,Yōtei,경북선,128.17150,36.50600,1,1,Keishōhoku-dō,
경북_008,함창,咸昌,Hamch'ang,Kanshō,경북선,128.17390,36.56940,1,1,Keishōhoku-dō,
경북_009,점촌,店村,Chŏmch'on,Tenson,경북선,128.20500,36.59780,1,1,Keishōhoku-dō,
경북_010,용궁,龍宮,Yonggung,Ryūgū,경북선,128.25730,36.60960,1,1,Keishōhoku-dō,
경북_011,개포,開浦,Kaep'o,Kaiho,경북선,128.32630,36.62630,1,1,Keishōhoku-dō,
경북_012,유천,柳川,Yuch'ŏn,Ryūsen,경북선,128.39410,36.63350,1,1,Keishōhoku-dō,
경북_013,예천,醴泉,Yech'ŏn,Reisen,경북선,128.45390,36.65020,1,1,Keishōhoku-dō,
경북_014,고평,高坪,Kop'yŏng,Kōhei,경북선,128.48200,36.64160,1,1,Keishōhoku-dō,
경북_015,영주,栄州,Yŏngju,Eishū,경북선,128.62090,36.82530,,1,Keishōhoku-dō,
경북_016,풍산,豊山,P'ungsan,Hōzan,경북선,128.57480,36.57950,,1,Keishōhoku-dō,
경북_017,호명,虎鳴,Homyŏng,Komei,경북선,128.49610,36.62840,,1,Keishōhoku-dō,
경북_018,명동,鳴洞,Myŏngdong,Meitō,경북선,128.64530,36.58970,,1,Keishōhoku-dō,
금강산_001,금성,金城,Kŭmsŏng,Kinjō,금강산선,127.60400,38.41950,1,1,Kōgen-dō,
금강산_002,탄감리,炭甘,T'an'gamni,Tankan,금강산선,127.65180,38.46500,1,1,Kōgen-dō,
금강산_003,금강구,金剛口,Kŭmganggu,Kingōkō,금강산선,127.98610,38.62180,1,1,Kōgen-dō,
금강산_004,화계,花溪,Hwagye,Kakei,금강산선,127.88920,38.56200,1,1,Kōgen-dō,
금강산_005,창도,昌道,Ch'angdo,Shōdō,금강산선,127.67070,38.50910,1,1,Kōgen-dō,
금강산_006,내금강,內金剛,Naegŭmgang,Uchikongō,금강산선,128.03630,38.60630,,1,Kōgen-dō,
금강산_007,김화,金化,Kimhwa,Kinka,금강산선,127.46130,38.29060,1,1,Kōgen-dō,
삼척선_001,삼척,三陟,Samch'ŏk,Sanchoku,삼척선,129.18020,37.42770,,1,,
아오선_001,회암,灰岩,Hoeam,Kaigan,아오선,130.35210,42.52210,,1,Kankyōhoku-dō,
장지리선_001,장산리,長山里,Changsalli,Chōsanri,장지리선,125.59510,39.09970,,1,Heiannan-dō,
장항_002,세교,細橋,Segyo,Seikyō,장항선,127.11320,36.78530,1,1,Chūseinan-dō,
장항_003,모산,毛山,Mosan,Mōsan,장항선,127.06100,36.77430,1,1,Chūseinan-dō,
장항_004,온양온천,溫陽溫泉,Onyangonch'ŏn,On'yōonsen,장항선,127.00230,36.78050,1,1,Chūseinan-dō,
장항_005,충남신창,忠南新昌,Ch'ungnamsinch'ang,Chūnan-Shinshō,장항선,126.93330,36.80410,1,1,Chūseinan-dō,
장항_006,선장,仙掌,Sŏnjang,Senshō,장항선,126.86670,36.76100,1,1,Chūseinan-dō,
장항_007,신례원,新禮院,Sillyewŏn,Shinreiin,장항선,126.84830,36.72590,1,1,Chūseinan-dō,
장항_008,예산,禮山,Yesan,Reizan,장항선,126.82900,36.68640,1,1,Chūseinan-dō,
장항_009,오가,吾可,Oga,Goka,장항선,126.78130,36.68240,1,1,Chūseinan-dō,
장항_010,삽교,揷橋,Sapkyo,Sōkyō,장항선,126.73660,36.68530,1,1,Chūseinan-dō,
장항_011,화양,華陽,Hwayang,Kayō,장항선,126.71420,36.62400,1,1,Chūseinan-dō,
장항_012,홍성,洪城,Hongsŏng,Kōsei,장항선,126.67860,36.59960,1,1,Chūseinan-dō,
장항_013,신곡,新谷,Sin'gok,Shinkoku,장항선,126.63700,36.53340,1,1,Chūseinan-dō,
장항_014,광천,廣川,Kwangch'ŏn,Kōsen,장항선,126.62260,36.50210,1,1,Chūseinan-dō,
장항_015,죽림,竹林,Chungnim,Chikurin,장항선,126.61750,36.46710,1,1,Chūseinan-dō,
장항_016,진죽,眞竹,Chinjuk,Shinchiku,장항선,126.59100,36.44550,1,1,Chūseinan-dō,
장항_017,주포,周浦,Chup'o,Shūho,장항선,126.56880,36.40640,1,1,,
장항_018,대천,大川,Taech'ŏn,Daisen,장항선,126.58980,36.35130,1,1,Chūseinan-dō,
장항_019,남포,藍浦,Namp'o,Ranpo,장항선,126.59480,36.31570,1,1,Chūseinan-dō,
장항_020,웅천,熊川,Ungch'ŏn,Yūsen,장항선,126.60190,36.23600,1,1,Chūseinan-dō,
장항_021,간치,艮峙,Kanch'i,Konchi,장항선,126.62360,36.20750,1,1,Chūseinan-dō,
장항_022,주산,珠山,Chusan,Shuzan,장항선,126.63750,36.19870,1,1,Chūseinan-dō,
장항_023,판교,板橋,P'an'gyo,Hankyō,장항선,126.68020,36.15360,1,1,Chūseinan-dō,
장항_024,서천,舒川,Sŏch'ŏn,Shosen,장항선,126.70090,36.07700,1,1,Chūseinan-dō,
장항_025,삼산리,三山里,Samsalli,Sansanri,장항선,126.71130,36.06620,1,1,Chūseinan-dō,
장항_026,장항,長項,Changhang,Chōkō,장항선,126.69610,36.01970,1,1,Chūseinan-dō,
장항_027,장항잔교,長項棧橋,Changhangjan'gyo,Chōkō Sanbashi,장항선,126.67360,36.00780,1,1,Chūseinan-dō,
중앙선_001,제천,堤川,Chech'ŏn,Teisen,중앙선,128.21300,37.12440,,1,Chūseihoku-dō,
충북_002,오송,五松,Osong,Goshō,충북선,127.32370,36.61840,1,1,Chūseihoku-dō,
충북_003,월곡,月谷,Wŏlgok,Gekkoku,충북선,127.36350,36.62490,1,1,Chūseihoku-dō,
충북_004,정봉,丁峰,Chŏngbong,Teihō,충북선,127.39220,36.64630,1,1,Chūseihoku-dō,
충북_005,송정,松亭,Songjŏng,Shōtei,충북선,127.43420,36.64420,1,1,Chūseihoku-dō,
충북_006,청주,淸州,Ch'ŏngju,Shōshū,충북선,127.48980,36.64090,1,1,Chūseihoku-dō,
충북_007,정하,井下,Chŏngha,Seika,충북선,127.46360,36.67260,1,1,Chūseihoku-dō,
충북_008,오근장,梧根場,Ogŭnjang,Gokonjō,충북선,127.47820,36.69990,1,1,Chūseihoku-dō,
충북_009,내수,內秀,Naesu,Naishū,충북선,127.53720,36.72860,1,1,Chūseihoku-dō,
충북_010,청안,清安,Ch'ŏngan,Shōan,충북선,127.58200,36.78610,1,1,Chūseihoku-dō,
충북_011,도안,道安,Toan,Dōan,충북선,127.61400,36.81410,1,1,Chūseihoku-dō,
충북_012,보천,甫川,Poch'ŏn,Fusen,충북선,127.65930,36.87580,1,1,Chūseihoku-dō,
충북_013,음성,陰城,Ŭmsŏng,Injō,충북선,127.69050,36.92830,1,1,Chūseihoku-dō,
충북_014,소이,蘇伊,Soi,Soi,충북선,127.75510,36.92320,1,1,Chūseihoku-dō,
충북_015,대소원,大召院,Taesowŏn,Taishōin,충북선,127.79960,36.97260,1,1,Chūseihoku-dō,
충북_016,달천,達川,Talch'ŏn,Tassen,충북선,127.88300,36.95980,1,1,Chūseihoku-dō,
충북_017,충주,忠州,Ch'ungju,Chūshū,충북선,127.91610,36.99160,1,1,Chūseihoku-dō,
토해_002,예성강,禮成江,Yesŏnggang,Reiseikō,토해선,126.39730,37.97350,,1,Keiki-dō,
토해_003,성호,星湖,Sŏngho,Seiko,토해선,126.35150,37.97690,,1,Kōkai-dō,
토해_004,배천온천,白川温泉,Paech'ŏnonch'ŏn,Hakusen Onsen,토해선,126.30030,37.98450,,1,Kōkai-dō,
토해_005,홍현,紅峴,Honghyŏn,Kōken,토해선,126.27180,37.96790,,1,Kōkai-dō,
토해_006,무구,無仇,Mugu,Bukyū,토해선,126.24850,37.94490,,1,Kōkai-dō,
토해_007,연안온천,延安温泉,Yŏnanonch'ŏn,En'an Onsen,토해선,126.16810,37.90390,,1,Kōkai-dō,
토해_008,연안,延安,Yŏnan,En'an,토해선,126.14720,37.90090,,1,Kōkai-dō,
토해_009,봉서,鳳西,Pongsŏ,Hōsei,토해선,126.11770,37.90690,,1,Kōkai-dō,
토해_010,풍천,楓川,P'ungch'ŏn,Hōsen,토해선,126.06500,37.93060,,1,Kōkai-dō,
토해_011,천대,天台,Ch'ŏndae,Tendai,토해선,126.01020,37.93710,,1,Kōkai-dō,
토해_012,심가,深桂,Simga,Shinkei,토해선,125.97470,37.94660,,1,Kōkai-dō,
토해_013,청단,青丹,Ch'ŏngdan,Seitan,토해선,125.93410,37.96800,,1,Kōkai-dō,
토해_014,내성,來城,Naesŏng,Raijō,토해선,125.90210,37.97680,,1,Kōkai-dō,
토해_015,천결,泉決,Ch'ŏn'gyŏl,Senketsu,토해선,125.84910,37.99170,,1,Kōkai-dō,
토해_016,영양,迎陽,Yŏngyang,Geiyō,토해선,125.78240,38.01010,1,1,Kōkai-dō,
함북_002,유평,西上,Yup'yŏng,Seijō,함북선,129.65450,42.15110,1,1,Kankyōhoku-dō,
함북_004,차령,車嶺,Ch'aryŏng,Sharei,함북선,129.55740,42.16290,1,1,Kankyōhoku-dō,
함북_006,신참,新站,Sinch'am,Shinten,함북선,129.40710,42.11410,1,1,Kankyōhoku-dō,
함북_007,서풍산,西豊山,Sŏp'ungsan,Seihōzan,함북선,129.37560,42.14540,1,1,Kankyōhoku-dō,
해주선_001,하성,下聖,Hasŏng,Kasei,해주선,125.76160,38.23280,1,1,Kōkai-dō,
